api dev server http://localhost:3999
200 /api/shard-b?op=item&id=europeana%3A2048208%2Feuropeana_fashion_1520044 6ms
200 /api/download?id=europeana%3A2048208/europeana_fashion_1520044&file=image 1636ms
200 /api/auth 0ms
200 /api/shard-a?op=status 1ms
200 /api/auth 0ms
200 /api/shard-b?op=status 0ms
200 /api/shard-c?op=status 0ms
200 /api/shard-d?op=status 1ms
200 /api/shard-e?op=status 0ms
200 /api/status 12ms
200 /api/shard-d?q=teapot&limit=250&sources=met&pd=1&seed=383953&offset=0 65ms
200 /api/search?q=teapot&limit=250&sources=met&pd=1&seed=383953 75ms
200 /api/shard-d?q=teapot&limit=250&sources=met&pd=1&seed=383953&offset=0 4ms
200 /api/search?q=teapot&limit=250&sources=met&pd=1&seed=383953 7ms
200 /api/shard-a?op=status 0ms
200 /api/shard-b?op=status 0ms
200 /api/shard-c?op=status 1ms
200 /api/shard-d?op=status 0ms
200 /api/shard-e?op=status 0ms
200 /api/status 6ms
200 /api/shard-d?op=item&id=met%3A20144 1ms
200 /api/image?id=met%3A20144&size=orig 125ms
200 /api/auth 0ms
200 /api/auth 0ms
200 /api/shard-a?op=status 1ms
200 /api/shard-c?op=status 0ms
200 /api/shard-b?op=status 0ms
200 /api/shard-d?op=status 1ms
200 /api/shard-e?op=status 0ms
200 /api/status 5ms
200 /api/shard-c?q=flowers&limit=250&sources=wellcome&pd=1&seed=716537&offset=0 320ms
200 /api/search?q=flowers&limit=250&sources=wellcome&pd=1&seed=716537 327ms
200 /api/shard-c?q=flowers&limit=250&sources=wellcome&pd=1&seed=716537&offset=0 28ms
200 /api/shard-a?op=status 0ms
200 /api/shard-b?op=status 1ms
200 /api/shard-c?op=status 0ms
200 /api/shard-d?op=status 0ms
200 /api/shard-e?op=status 1ms
200 /api/search?q=flowers&limit=250&sources=wellcome&pd=1&seed=716537 34ms
200 /api/status 34ms
200 /api/auth 1ms
200 /api/auth 0ms
200 /api/shard-a?op=status 0ms
200 /api/shard-b?op=status 0ms
200 /api/shard-d?op=status 1ms
200 /api/shard-c?op=status 0ms
200 /api/shard-d?q=teapot&limit=250&sources=met&pd=1&seed=30399&offset=0 55ms
200 /api/search?q=teapot&limit=250&sources=met&pd=1&seed=30399 60ms
200 /api/shard-e?op=status 0ms
200 /api/status 63ms
200 /api/shard-d?q=teapot&limit=250&sources=met&pd=1&seed=30399&offset=0 4ms
200 /api/search?q=teapot&limit=250&sources=met&pd=1&seed=30399 7ms
200 /api/shard-a?op=status 0ms
200 /api/shard-b?op=status 0ms
200 /api/shard-c?op=status 0ms
200 /api/shard-d?op=status 0ms
200 /api/shard-e?op=status 0ms
200 /api/status 2ms
200 /api/shard-d?op=item&id=met%3A8338 2ms
200 /api/shard-d?op=item&id=met%3A20144 1ms
200 /api/image?id=met%3A20144&size=view 87ms
200 /api/shard-d?op=item&id=met%3A20144 0ms
200 /api/image?id=met%3A20144&size=view 17ms
200 /api/image?id=met%3A8338&size=view 2410ms
200 /api/auth 0ms
200 /api/auth 0ms
200 /api/shard-b?op=status 1ms
200 /api/shard-a?op=status 0ms
200 /api/shard-c?op=status 0ms
200 /api/shard-d?op=status 1ms
200 /api/shard-e?op=status 0ms
200 /api/status 8ms
200 /api/shard-d?q=teapot&limit=250&sources=met&pd=1&seed=13142&offset=0 5ms
200 /api/search?q=teapot&limit=250&sources=met&pd=1&seed=13142 14ms
200 /api/shard-d?q=teapot&limit=250&sources=met&pd=1&seed=13142&offset=0 5ms
200 /api/search?q=teapot&limit=250&sources=met&pd=1&seed=13142 9ms
200 /api/shard-a?op=status 0ms
200 /api/shard-b?op=status 1ms
200 /api/shard-c?op=status 0ms
200 /api/shard-d?op=status 0ms
200 /api/shard-e?op=status 0ms
200 /api/status 2ms
200 /api/shard-d?op=item&id=met%3A20144 0ms
200 /api/image?id=met%3A20144&size=view 103ms
200 /api/shard-d?op=item&id=met%3A20144 2ms
200 /api/image?id=met%3A20144&size=view 48ms
200 /api/shard-d?op=item&id=met%3A20144 1ms
200 /api/image?id=met%3A20144&size=view 20ms
200 /api/shard-d?op=item&id=met%3A20144 1ms
200 /api/image?id=met%3A20144&size=view 17ms
200 /api/shard-d?op=item&id=met%3A20144 1ms
200 /api/image?id=met%3A20144&size=view 32ms
200 /api/shard-d?op=item&id=met%3A20144 0ms
200 /api/image?id=met%3A20144&size=view 25ms
200 /api/shard-d?op=item&id=met%3A20144 0ms
200 /api/image?id=met%3A20144&size=view 23ms
200 /api/auth 0ms
200 /api/auth 0ms
200 /api/shard-a?limit=250&pd=1&seed=49659&offset=0 3267ms
200 /api/shard-b?limit=250&pd=1&seed=49659&offset=0 543ms
200 /api/shard-c?limit=250&pd=1&seed=49659&offset=0 652ms
200 /api/shard-d?limit=250&pd=1&seed=49659&offset=0 1004ms
200 /api/shard-a?limit=250&pd=1&seed=49659&offset=0 924ms
200 /api/shard-b?limit=250&pd=1&seed=49659&offset=0 274ms
200 /api/shard-c?limit=250&pd=1&seed=49659&offset=0 296ms
200 /api/shard-d?limit=250&pd=1&seed=49659&offset=0 399ms
200 /api/shard-e?limit=250&pd=1&seed=49659&offset=0 1628ms
200 /api/search?limit=250&pd=1&seed=49659 9010ms
200 /api/shard-a?op=status 1ms
200 /api/shard-b?op=status 1ms
200 /api/shard-d?op=status 0ms
200 /api/shard-c?op=status 1ms
200 /api/shard-e?op=status 0ms
200 /api/status 9012ms
200 /api/shard-e?limit=250&pd=1&seed=49659&offset=0 803ms
200 /api/search?limit=250&pd=1&seed=49659 4342ms
200 /api/auth 0ms
200 /api/auth 0ms
200 /api/shard-a?op=status 1ms
200 /api/shard-b?op=status 1ms
200 /api/shard-d?op=status 0ms
200 /api/shard-c?op=status 0ms
200 /api/shard-e?op=status 0ms
200 /api/status 10ms
200 /api/shard-b?limit=250&pd=1&seed=806845&offset=0 291ms
200 /api/shard-a?limit=250&pd=1&seed=806845&offset=0 1197ms
200 /api/shard-d?limit=250&pd=1&seed=806845&offset=0 379ms
200 /api/shard-c?limit=250&pd=1&seed=806845&offset=0 314ms
200 /api/shard-e?limit=250&pd=1&seed=806845&offset=0 827ms
200 /api/search?limit=250&pd=1&seed=806845 3028ms
200 /api/shard-e?limit=250&pd=1&seed=806845&offset=0 801ms
200 /api/shard-a?op=status 0ms
200 /api/shard-b?op=status 1ms
200 /api/shard-c?op=status 0ms
200 /api/shard-d?op=status 0ms
200 /api/shard-c?limit=250&pd=1&seed=806845&offset=0 288ms
200 /api/shard-d?limit=250&pd=1&seed=806845&offset=0 317ms
200 /api/shard-b?limit=250&pd=1&seed=806845&offset=0 282ms
200 /api/shard-a?limit=250&pd=1&seed=806845&offset=0 985ms
200 /api/search?limit=250&pd=1&seed=806845 2690ms
200 /api/shard-e?op=status 0ms
200 /api/status 1886ms
200 /api/auth 1ms
200 /api/shard-a?op=status 2ms
200 /api/shard-b?op=status 0ms
200 /api/shard-c?op=status 0ms
200 /api/shard-d?op=status 1ms
200 /api/shard-e?op=status 1ms
200 /api/status 12ms
200 /api/auth 0ms
200 /api/shard-b?limit=250&pd=1&seed=470479&offset=0 813ms
200 /api/shard-c?limit=250&pd=1&seed=470479&offset=0 725ms
200 /api/shard-a?limit=250&pd=1&seed=470479&offset=0 3653ms
200 /api/shard-d?limit=250&pd=1&seed=470479&offset=0 1003ms
200 /api/shard-e?limit=250&pd=1&seed=470479&offset=0 1533ms
200 /api/search?limit=250&pd=1&seed=470479 7749ms
200 /api/shard-a?op=status 0ms
200 /api/shard-c?op=status 1ms
200 /api/shard-d?op=status 0ms
200 /api/shard-e?op=status 1ms
200 /api/shard-a?limit=250&pd=1&seed=470479&offset=0 965ms
200 /api/shard-b?limit=250&pd=1&seed=470479&offset=0 385ms
200 /api/shard-c?limit=250&pd=1&seed=470479&offset=0 337ms
200 /api/shard-e?limit=250&pd=1&seed=470479&offset=0 795ms
200 /api/shard-b?op=status 0ms
200 /api/status 2494ms
200 /api/shard-d?limit=250&pd=1&seed=470479&offset=0 341ms
200 /api/shard-a?q=flower+still+life&limit=250&pd=1&seed=470479&offset=0 73ms
200 /api/search?limit=250&pd=1&seed=470479 2916ms
200 /api/shard-b?q=flower+still+life&limit=250&pd=1&seed=470479&offset=0 27ms
200 /api/shard-d?q=flower+still+life&limit=250&pd=1&seed=470479&offset=0 82ms
200 /api/shard-c?q=flower+still+life&limit=250&pd=1&seed=470479&offset=0 135ms
200 /api/shard-e?q=flower+still+life&limit=250&pd=1&seed=470479&offset=0 52ms
200 /api/search?q=flower+still+life&limit=250&pd=1&seed=470479 3215ms
200 /api/shard-c?op=item&id=si%3Anmah_1400920 1ms
200 /api/shard-c?op=item&id=si%3Asaam_1967.2.1 1ms
200 /api/image?id=si%3Anmah_1400920&size=thumb 326ms
200 /api/image?id=si%3Asaam_1967.2.1&size=thumb 440ms
200 /api/shard-c?op=item&id=si%3Anmah_1400918 0ms
200 /api/shard-c?op=item&id=si%3Anmah_1400914 0ms
200 /api/shard-c?op=item&id=si%3Anmah_1400917 1ms
200 /api/shard-c?op=item&id=si%3Asaam_1970.174 1ms
200 /api/image?id=si%3Anmah_1400918&size=thumb 267ms
200 /api/shard-c?op=item&id=si%3Asaam_1983.95.176 1ms
200 /api/image?id=si%3Anmah_1400914&size=thumb 330ms
200 /api/image?id=si%3Anmah_1400917&size=thumb 292ms
200 /api/shard-c?op=item&id=si%3Asaam_1979.149 1ms
200 /api/shard-c?op=item&id=si%3Asaam_1969.75 1ms
200 /api/shard-b?op=item&id=europeana%3A2021012%2F_7210250769F1A35DB13E5AF4AC890EC6 2ms
200 /api/image?id=si%3Asaam_1970.174&size=thumb 417ms
200 /api/shard-c?op=item&id=si%3Asaam_1989.102 1ms
200 /api/image?id=si%3Asaam_1983.95.176&size=thumb 420ms
200 /api/shard-c?op=item&id=si%3Asaam_1983.95.167 1ms
200 /api/image?id=si%3Asaam_1989.102&size=thumb 303ms
200 /api/shard-c?op=item&id=si%3Asaam_1983.95.152 0ms
200 /api/shard-c?op=item&id=si%3Asaam_2005.5.38 2ms
502 /api/image?id=europeana%3A2021012%2F_7210250769F1A35DB13E5AF4AC890EC6&size=orig 701ms
200 /api/shard-c?op=item&id=si%3Asaam_1979.148 0ms
200 /api/image?id=si%3Asaam_1983.95.167&size=thumb 404ms
200 /api/image?id=si%3Asaam_1979.149&size=thumb 973ms
200 /api/image?id=si%3Asaam_1983.95.152&size=thumb 419ms
200 /api/image?id=si%3Asaam_1969.75&size=thumb 976ms
200 /api/shard-c?op=item&id=si%3Asaam_1974.28.149 2ms
200 /api/image?id=si%3Asaam_2005.5.38&size=thumb 412ms
200 /api/shard-c?op=item&id=si%3Asaam_1986.65.210 1ms
200 /api/shard-b?op=item&id=europeana%3A2021012%2F_7210250769F1A35DB13E5AF4AC890EC6 1ms
200 /api/image?id=si%3Asaam_1979.148&size=thumb 448ms
502 /api/image?id=europeana%3A2021012%2F_7210250769F1A35DB13E5AF4AC890EC6&size=view 169ms
200 /api/shard-b?op=item&id=europeana%3A2021012%2F_7210250769F1A35DB13E5AF4AC890EC6 1ms
200 /api/image?id=si%3Asaam_1974.28.149&size=thumb 432ms
200 /api/image?id=si%3Asaam_1986.65.210&size=thumb 340ms
200 /api/image?id=europeana%3A2021012%2F_7210250769F1A35DB13E5AF4AC890EC6&size=thumb 254ms
200 /api/auth 3ms
200 /api/auth 0ms
200 /api/shard-b?op=status 1ms
200 /api/shard-a?op=status 0ms
200 /api/shard-a?limit=250&pd=1&seed=964282&offset=0 896ms
200 /api/shard-c?op=status 0ms
200 /api/shard-e?op=status 0ms
200 /api/shard-a?limit=250&pd=1&seed=964282&offset=0 879ms
200 /api/shard-b?limit=250&pd=1&seed=964282&offset=0 387ms
200 /api/shard-d?op=status 0ms
200 /api/status 2180ms
200 /api/shard-d?limit=250&pd=1&seed=964282&offset=0 331ms
200 /api/shard-c?limit=250&pd=1&seed=964282&offset=0 303ms
200 /api/shard-e?limit=250&pd=1&seed=964282&offset=0 676ms
200 /api/search?limit=250&pd=1&seed=964282 3498ms
200 /api/shard-b?q=flower+still+life&limit=250&pd=1&seed=964282&offset=0 27ms
200 /api/shard-c?q=flower+still+life&limit=250&pd=1&seed=964282&offset=0 115ms
200 /api/shard-d?q=flower+still+life&limit=250&pd=1&seed=964282&offset=0 71ms
200 /api/shard-e?q=flower+still+life&limit=250&pd=1&seed=964282&offset=0 44ms
200 /api/shard-b?limit=250&pd=1&seed=964282&offset=0 291ms
200 /api/shard-d?limit=250&pd=1&seed=964282&offset=0 316ms
200 /api/shard-c?limit=250&pd=1&seed=964282&offset=0 315ms
200 /api/shard-e?limit=250&pd=1&seed=964282&offset=0 689ms
200 /api/search?limit=250&pd=1&seed=964282 5369ms
200 /api/shard-a?op=status 0ms
200 /api/shard-b?op=status 0ms
200 /api/shard-c?op=status 0ms
200 /api/shard-d?op=status 0ms
200 /api/shard-a?q=flower+still+life&limit=250&pd=1&seed=964282&offset=0 69ms
200 /api/search?q=flower+still+life&limit=250&pd=1&seed=964282 1960ms
200 /api/shard-e?op=status 0ms
200 /api/status 78ms
200 /api/shard-c?op=item&id=si%3Anmah_1400920 1ms
200 /api/image?id=si%3Anmah_1400920&size=thumb 358ms
200 /api/shard-c?op=item&id=si%3Anmah_1400918 1ms
200 /api/shard-c?op=item&id=si%3Anmah_1400914 0ms
200 /api/shard-c?op=item&id=si%3Anmah_1400917 1ms
200 /api/shard-c?op=item&id=si%3Asaam_1970.174 2ms
200 /api/shard-c?op=item&id=si%3Asaam_1967.2.1 1ms
200 /api/image?id=si%3Anmah_1400918&size=thumb 271ms
200 /api/image?id=si%3Anmah_1400914&size=thumb 257ms
200 /api/shard-c?op=item&id=si%3Asaam_1983.95.176 0ms
200 /api/shard-c?op=item&id=si%3Asaam_1979.149 0ms
200 /api/image?id=si%3Anmah_1400917&size=thumb 266ms
200 /api/image?id=si%3Asaam_1970.174&size=thumb 290ms
200 /api/image?id=si%3Asaam_1967.2.1&size=thumb 275ms
200 /api/shard-c?op=item&id=si%3Asaam_1969.75 0ms
200 /api/shard-b?op=item&id=europeana%3A2021012%2F_7210250769F1A35DB13E5AF4AC890EC6 1ms
200 /api/shard-c?op=item&id=si%3Asaam_1989.102 2ms
200 /api/image?id=si%3Asaam_1983.95.176&size=thumb 313ms
200 /api/image?id=si%3Asaam_1979.149&size=thumb 311ms
200 /api/shard-c?op=item&id=si%3Asaam_1983.95.167 0ms
200 /api/image?id=si%3Asaam_1969.75&size=thumb 292ms
200 /api/shard-c?op=item&id=si%3Asaam_1983.95.152 0ms
200 /api/shard-c?op=item&id=si%3Asaam_2005.5.38 1ms
200 /api/image?id=si%3Asaam_1989.102&size=thumb 280ms
200 /api/image?id=si%3Asaam_1983.95.167&size=thumb 276ms
200 /api/shard-c?op=item&id=si%3Asaam_1979.148 0ms
200 /api/shard-c?op=item&id=si%3Asaam_1974.28.149 1ms
200 /api/image?id=si%3Asaam_1983.95.152&size=thumb 289ms
200 /api/shard-c?op=item&id=si%3Asaam_1986.65.210 1ms
200 /api/image?id=si%3Asaam_2005.5.38&size=thumb 273ms
502 /api/image?id=europeana%3A2021012%2F_7210250769F1A35DB13E5AF4AC890EC6&size=orig 696ms
200 /api/shard-b?op=item&id=europeana%3A2021012%2F_7210250769F1A35DB13E5AF4AC890EC6 1ms
200 /api/image?id=si%3Asaam_1974.28.149&size=thumb 275ms
200 /api/image?id=si%3Asaam_1979.148&size=thumb 292ms
200 /api/image?id=si%3Asaam_1986.65.210&size=thumb 276ms
502 /api/image?id=europeana%3A2021012%2F_7210250769F1A35DB13E5AF4AC890EC6&size=view 176ms
200 /api/shard-b?op=item&id=europeana%3A2021012%2F_7210250769F1A35DB13E5AF4AC890EC6 1ms
200 /api/image?id=europeana%3A2021012%2F_7210250769F1A35DB13E5AF4AC890EC6&size=thumb 705ms
200 /api/auth 1ms
200 /api/auth 0ms
200 /api/shard-a?op=status 0ms
200 /api/shard-b?op=status 1ms
200 /api/shard-d?op=status 0ms
200 /api/shard-c?op=status 1ms
200 /api/shard-e?op=status 0ms
200 /api/status 7ms
200 /api/shard-a?limit=250&pd=1&seed=947095&offset=0 3203ms
200 /api/shard-c?limit=250&pd=1&seed=947095&offset=0 730ms
200 /api/shard-b?limit=250&pd=1&seed=947095&offset=0 713ms
200 /api/shard-e?limit=250&pd=1&seed=947095&offset=0 1485ms
200 /api/shard-d?limit=250&pd=1&seed=947095&offset=0 1099ms
200 /api/search?limit=250&pd=1&seed=947095 7249ms
200 /api/shard-b?op=status 0ms
200 /api/shard-c?op=status 1ms
200 /api/shard-d?op=status 0ms
200 /api/shard-a?q=tulip+painting&limit=250&pd=1&seed=947095&offset=0 36ms
200 /api/shard-b?limit=250&pd=1&seed=947095&offset=0 277ms
200 /api/shard-a?limit=250&pd=1&seed=947095&offset=0 1104ms
200 /api/shard-d?limit=250&pd=1&seed=947095&offset=0 320ms
200 /api/shard-c?limit=250&pd=1&seed=947095&offset=0 326ms
200 /api/shard-e?limit=250&pd=1&seed=947095&offset=0 939ms
200 /api/shard-a?op=status 1ms
200 /api/search?limit=250&pd=1&seed=947095 3021ms
200 /api/shard-e?op=status 0ms
200 /api/status 3018ms
200 /api/shard-c?q=tulip+painting&limit=250&pd=1&seed=947095&offset=0 277ms
200 /api/shard-b?q=tulip+painting&limit=250&pd=1&seed=947095&offset=0 19ms
200 /api/shard-e?q=tulip+painting&limit=250&pd=1&seed=947095&offset=0 99ms
200 /api/shard-d?q=tulip+painting&limit=250&pd=1&seed=947095&offset=0 94ms
200 /api/search?q=tulip+painting&limit=250&pd=1&seed=947095 3513ms
200 /api/shard-c?op=item&id=si%3Asaam_1929.6.73 1ms
200 /api/shard-c?op=item&id=si%3Asaam_1956.11.6 0ms
200 /api/image?id=si%3Asaam_1929.6.73&size=thumb 336ms
200 /api/image?id=si%3Asaam_1956.11.6&size=thumb 373ms
200 /api/shard-c?op=item&id=si%3Achndm_1923-22-2 2ms
200 /api/shard-c?op=item&id=si%3Achndm_1923-22-28 1ms
200 /api/shard-c?op=item&id=si%3Achndm_1923-22-33 1ms
200 /api/shard-d?op=item&id=met%3A451865 2ms
200 /api/shard-c?op=item&id=si%3Achndm_1923-22-18 1ms
200 /api/image?id=met%3A451865&size=orig 190ms
200 /api/shard-c?op=item&id=si%3Achndm_1923-22-16 1ms
200 /api/image?id=si%3Achndm_1923-22-2&size=thumb 395ms
200 /api/shard-c?op=item&id=si%3Achndm_1923-22-10 1ms
200 /api/image?id=si%3Achndm_1923-22-33&size=thumb 373ms
200 /api/image?id=si%3Achndm_1923-22-28&size=thumb 383ms
200 /api/shard-c?op=item&id=si%3Achndm_1923-22-25 0ms
200 /api/shard-c?op=item&id=si%3Achndm_1961-105-373 0ms
200 /api/image?id=si%3Achndm_1923-22-18&size=thumb 397ms
200 /api/image?id=si%3Achndm_1923-22-16&size=thumb 381ms
200 /api/shard-c?op=item&id=si%3Achndm_1923-22-11 0ms
200 /api/shard-c?op=item&id=si%3Achndm_1923-22-20 1ms
200 /api/image?id=si%3Achndm_1923-22-10&size=thumb 404ms
200 /api/shard-c?op=item&id=si%3Achndm_1923-22-9 0ms
200 /api/image?id=si%3Achndm_1923-22-25&size=thumb 363ms
200 /api/image?id=si%3Achndm_1961-105-373&size=thumb 418ms
200 /api/image?id=si%3Achndm_1923-22-11&size=thumb 384ms
200 /api/image?id=si%3Achndm_1923-22-20&size=thumb 401ms
200 /api/image?id=si%3Achndm_1923-22-9&size=thumb 438ms
200 /api/auth 1ms
200 /api/auth 0ms
200 /api/shard-a?op=status 1ms
200 /api/shard-b?op=status 1ms
200 /api/shard-d?op=status 0ms
200 /api/shard-c?op=status 1ms
200 /api/shard-e?op=status 0ms
200 /api/status 10ms
200 /api/shard-b?limit=250&pd=1&seed=915714&offset=0 701ms
200 /api/shard-a?limit=250&pd=1&seed=915714&offset=0 3287ms
200 /api/shard-d?limit=250&pd=1&seed=915714&offset=0 707ms
200 /api/shard-c?limit=250&pd=1&seed=915714&offset=0 509ms
200 /api/shard-e?limit=250&pd=1&seed=915714&offset=0 1253ms
200 /api/search?limit=250&pd=1&seed=915714 6474ms
200 /api/shard-a?op=status 0ms
200 /api/shard-b?op=status 0ms
200 /api/shard-c?op=status 0ms
200 /api/shard-d?op=status 0ms
200 /api/shard-e?op=status 0ms
200 /api/status 4ms
200 /api/shard-b?limit=250&pd=1&seed=915714&offset=0 371ms
200 /api/shard-a?limit=250&pd=1&seed=915714&offset=0 977ms
200 /api/shard-c?limit=250&pd=1&seed=915714&offset=0 282ms
200 /api/shard-d?limit=250&pd=1&seed=915714&offset=0 339ms
200 /api/shard-e?limit=250&pd=1&seed=915714&offset=0 747ms
200 /api/shard-b?q=tulip+painting&limit=250&pd=1&seed=915714&offset=0 16ms
200 /api/search?limit=250&pd=1&seed=915714 2749ms
200 /api/shard-a?q=tulip+painting&limit=250&pd=1&seed=915714&offset=0 41ms
200 /api/shard-d?q=tulip+painting&limit=250&pd=1&seed=915714&offset=0 111ms
200 /api/shard-c?q=tulip+painting&limit=250&pd=1&seed=915714&offset=0 185ms
200 /api/shard-e?q=tulip+painting&limit=250&pd=1&seed=915714&offset=0 100ms
200 /api/search?q=tulip+painting&limit=250&pd=1&seed=915714 3192ms
200 /api/shard-c?op=item&id=si%3Asaam_1929.6.73 1ms
200 /api/shard-c?op=item&id=si%3Asaam_1956.11.6 0ms
200 /api/shard-c?op=item&id=si%3Achndm_1923-22-33 0ms
200 /api/shard-c?op=item&id=si%3Achndm_1923-22-2 0ms
200 /api/shard-c?op=item&id=si%3Achndm_1923-22-28 0ms
200 /api/shard-c?op=item&id=si%3Achndm_1923-22-18 0ms
200 /api/image?id=si%3Asaam_1956.11.6&size=thumb 333ms
200 /api/image?id=si%3Achndm_1923-22-33&size=thumb 324ms
200 /api/image?id=si%3Asaam_1929.6.73&size=thumb 336ms
200 /api/shard-c?op=item&id=si%3Achndm_1923-22-16 0ms
200 /api/shard-c?op=item&id=si%3Achndm_1923-22-10 1ms
200 /api/image?id=si%3Achndm_1923-22-28&size=thumb 263ms
200 /api/image?id=si%3Achndm_1923-22-2&size=thumb 282ms
200 /api/shard-c?op=item&id=si%3Achndm_1923-22-25 1ms
200 /api/image?id=si%3Achndm_1923-22-18&size=thumb 305ms
200 /api/shard-c?op=item&id=si%3Achndm_1961-105-373 2ms
200 /api/image?id=si%3Achndm_1923-22-16&size=thumb 279ms
200 /api/image?id=si%3Achndm_1923-22-10&size=thumb 271ms
200 /api/shard-d?op=item&id=met%3A451865 1ms
200 /api/image?id=met%3A451865&size=orig 65ms
200 /api/image?id=si%3Achndm_1923-22-25&size=thumb 288ms
200 /api/shard-c?op=item&id=si%3Achndm_1923-22-11 1ms
200 /api/shard-c?op=item&id=si%3Achndm_1923-22-9 0ms
200 /api/shard-c?op=item&id=si%3Achndm_1923-22-20 0ms
200 /api/image?id=si%3Achndm_1961-105-373&size=thumb 273ms
200 /api/image?id=si%3Achndm_1923-22-11&size=thumb 261ms
200 /api/image?id=si%3Achndm_1923-22-9&size=thumb 283ms
200 /api/image?id=si%3Achndm_1923-22-20&size=thumb 245ms
200 /api/auth 4ms
200 /api/auth 0ms
200 /api/shard-b?op=status 1ms
200 /api/shard-a?op=status 1ms
200 /api/shard-c?op=status 0ms
200 /api/shard-d?op=status 0ms
200 /api/shard-a?limit=250&pd=1&seed=629872&offset=0 1546ms
200 /api/shard-e?op=status 0ms
200 /api/status 1557ms
200 /api/shard-c?limit=250&pd=1&seed=629872&offset=0 306ms
200 /api/shard-b?limit=250&pd=1&seed=629872&offset=0 712ms
200 /api/shard-d?limit=250&pd=1&seed=629872&offset=0 695ms
200 /api/shard-e?limit=250&pd=1&seed=629872&offset=0 1386ms
200 /api/search?limit=250&pd=1&seed=629872 4666ms
200 /api/shard-e?limit=250&pd=1&seed=629872&offset=0 848ms
200 /api/shard-b?q=tulip+painting&limit=250&pd=1&seed=629872&offset=0 16ms
200 /api/shard-c?q=tulip+painting&limit=250&pd=1&seed=629872&offset=0 179ms
200 /api/shard-d?q=tulip+painting&limit=250&pd=1&seed=629872&offset=0 100ms
200 /api/shard-e?q=tulip+painting&limit=250&pd=1&seed=629872&offset=0 102ms
200 /api/shard-a?limit=250&pd=1&seed=629872&offset=0 1476ms
200 /api/shard-c?limit=250&pd=1&seed=629872&offset=0 299ms
200 /api/shard-b?limit=250&pd=1&seed=629872&offset=0 395ms
200 /api/shard-d?limit=250&pd=1&seed=629872&offset=0 428ms
200 /api/shard-a?q=tulip+painting&limit=250&pd=1&seed=629872&offset=0 45ms
200 /api/search?q=tulip+painting&limit=250&pd=1&seed=629872 3060ms
200 /api/search?limit=250&pd=1&seed=629872 3914ms
200 /api/shard-a?op=status 0ms
200 /api/shard-b?op=status 1ms
200 /api/shard-c?op=status 0ms
200 /api/shard-d?op=status 0ms
200 /api/shard-e?op=status 0ms
200 /api/status 2665ms
200 /api/shard-c?op=item&id=si%3Asaam_1956.11.6 1ms
200 /api/shard-c?op=item&id=si%3Asaam_1929.6.73 0ms
200 /api/image?id=si%3Asaam_1956.11.6&size=thumb 335ms
200 /api/shard-d?op=item&id=met%3A451865 1ms
200 /api/shard-c?op=item&id=si%3Achndm_1923-22-2 0ms
200 /api/image?id=met%3A451865&size=orig 80ms
200 /api/image?id=si%3Asaam_1929.6.73&size=thumb 302ms
200 /api/shard-c?op=item&id=si%3Achndm_1923-22-28 0ms
200 /api/shard-c?op=item&id=si%3Achndm_1923-22-33 0ms
200 /api/shard-c?op=item&id=si%3Achndm_1923-22-18 1ms
200 /api/shard-c?op=item&id=si%3Achndm_1923-22-16 0ms
200 /api/shard-c?op=item&id=si%3Achndm_1923-22-10 0ms
200 /api/image?id=si%3Achndm_1923-22-2&size=thumb 266ms
200 /api/image?id=si%3Achndm_1923-22-28&size=thumb 275ms
200 /api/image?id=si%3Achndm_1923-22-33&size=thumb 268ms
200 /api/image?id=si%3Achndm_1923-22-18&size=thumb 279ms
200 /api/image?id=si%3Achndm_1923-22-16&size=thumb 292ms
200 /api/image?id=si%3Achndm_1923-22-10&size=thumb 264ms
200 /api/shard-c?op=item&id=si%3Achndm_1923-22-25 0ms
200 /api/shard-c?op=item&id=si%3Achndm_1961-105-373 2ms
200 /api/shard-c?op=item&id=si%3Achndm_1923-22-11 0ms
200 /api/shard-c?op=item&id=si%3Achndm_1923-22-20 1ms
200 /api/shard-c?op=item&id=si%3Achndm_1923-22-9 0ms
200 /api/image?id=si%3Achndm_1923-22-25&size=thumb 251ms
200 /api/image?id=si%3Achndm_1923-22-11&size=thumb 260ms
200 /api/image?id=si%3Achndm_1961-105-373&size=thumb 270ms
200 /api/image?id=si%3Achndm_1923-22-20&size=thumb 280ms
200 /api/image?id=si%3Achndm_1923-22-9&size=thumb 268ms
200 /api/auth 1ms
200 /api/auth 0ms
200 /api/shard-a?op=status 1ms
200 /api/shard-b?op=status 1ms
200 /api/shard-d?op=status 0ms
200 /api/shard-c?op=status 0ms
200 /api/shard-a?limit=250&pd=1&seed=642293&offset=0 2627ms
200 /api/shard-e?op=status 0ms
200 /api/status 2643ms
200 /api/shard-c?limit=250&pd=1&seed=642293&offset=0 714ms
200 /api/shard-b?limit=250&pd=1&seed=642293&offset=0 598ms
200 /api/shard-e?limit=250&pd=1&seed=642293&offset=0 1522ms
200 /api/shard-d?limit=250&pd=1&seed=642293&offset=0 1033ms
200 /api/search?limit=250&pd=1&seed=642293 6517ms
200 /api/shard-b?q=tulip+painting&limit=250&pd=1&seed=642293&offset=0 16ms
200 /api/shard-c?q=tulip+painting&limit=250&pd=1&seed=642293&offset=0 176ms
200 /api/shard-d?q=tulip+painting&limit=250&pd=1&seed=642293&offset=0 114ms
200 /api/shard-a?op=status 0ms
200 /api/shard-a?limit=250&pd=1&seed=642293&offset=0 997ms
200 /api/shard-b?limit=250&pd=1&seed=642293&offset=0 293ms
200 /api/shard-e?limit=250&pd=1&seed=642293&offset=0 708ms
200 /api/shard-d?limit=250&pd=1&seed=642293&offset=0 392ms
200 /api/shard-c?limit=250&pd=1&seed=642293&offset=0 320ms
200 /api/shard-a?q=tulip+painting&limit=250&pd=1&seed=642293&offset=0 36ms
200 /api/shard-e?q=tulip+painting&limit=250&pd=1&seed=642293&offset=0 99ms
200 /api/search?limit=250&pd=1&seed=642293 3172ms
200 /api/search?q=tulip+painting&limit=250&pd=1&seed=642293 3172ms
200 /api/shard-c?op=status 1ms
200 /api/shard-b?op=status 0ms
200 /api/shard-e?op=status 0ms
200 /api/shard-d?op=status 0ms
200 /api/status 2868ms
200 /api/shard-c?op=item&id=si%3Asaam_1956.11.6 1ms
200 /api/shard-c?op=item&id=si%3Asaam_1929.6.73 0ms
200 /api/shard-c?op=item&id=si%3Achndm_1923-22-2 0ms
200 /api/shard-c?op=item&id=si%3Achndm_1923-22-28 0ms
200 /api/image?id=si%3Asaam_1929.6.73&size=thumb 368ms
200 /api/image?id=si%3Asaam_1956.11.6&size=thumb 386ms
200 /api/shard-c?op=item&id=si%3Achndm_1923-22-33 1ms
200 /api/shard-c?op=item&id=si%3Achndm_1923-22-18 0ms
200 /api/shard-d?op=item&id=met%3A451865 1ms
200 /api/image?id=si%3Achndm_1923-22-2&size=thumb 356ms
200 /api/image?id=si%3Achndm_1923-22-28&size=thumb 311ms
200 /api/image?id=met%3A451865&size=orig 65ms
200 /api/shard-c?op=item&id=si%3Achndm_1923-22-16 0ms
200 /api/shard-c?op=item&id=si%3Achndm_1923-22-10 0ms
200 /api/image?id=si%3Achndm_1923-22-33&size=thumb 265ms
200 /api/shard-c?op=item&id=si%3Achndm_1923-22-25 0ms
200 /api/image?id=si%3Achndm_1923-22-18&size=thumb 267ms
200 /api/shard-c?op=item&id=si%3Achndm_1923-22-11 0ms
200 /api/shard-c?op=item&id=si%3Achndm_1961-105-373 1ms
200 /api/image?id=si%3Achndm_1923-22-16&size=thumb 298ms
200 /api/image?id=si%3Achndm_1923-22-10&size=thumb 296ms
200 /api/image?id=si%3Achndm_1923-22-25&size=thumb 272ms
200 /api/shard-c?op=item&id=si%3Achndm_1923-22-20 0ms
200 /api/image?id=si%3Achndm_1923-22-11&size=thumb 265ms
200 /api/image?id=si%3Achndm_1961-105-373&size=thumb 259ms
200 /api/shard-c?op=item&id=si%3Achndm_1923-22-9 0ms
200 /api/image?id=si%3Achndm_1923-22-20&size=thumb 274ms
200 /api/image?id=si%3Achndm_1923-22-9&size=thumb 256ms
200 /api/auth 1ms
200 /api/auth 0ms
200 /api/shard-b?op=status 1ms
200 /api/shard-a?op=status 0ms
200 /api/shard-d?op=status 0ms
200 /api/shard-c?op=status 0ms
200 /api/shard-a?limit=250&pd=1&seed=659199&offset=0 3119ms
200 /api/shard-e?op=status 0ms
200 /api/status 3126ms
200 /api/shard-c?limit=250&pd=1&seed=659199&offset=0 298ms
200 /api/shard-b?limit=250&pd=1&seed=659199&offset=0 693ms
200 /api/shard-e?limit=250&pd=1&seed=659199&offset=0 1202ms
200 /api/shard-d?limit=250&pd=1&seed=659199&offset=0 826ms
200 /api/search?limit=250&pd=1&seed=659199 6157ms
200 /api/shard-e?limit=250&pd=1&seed=659199&offset=0 720ms
200 /api/shard-b?q=tulip+painting&limit=250&pd=1&seed=659199&offset=0 17ms
200 /api/shard-c?q=tulip+painting&limit=250&pd=1&seed=659199&offset=0 175ms
200 /api/shard-d?q=tulip+painting&limit=250&pd=1&seed=659199&offset=0 96ms
200 /api/shard-a?op=status 1ms
200 /api/shard-a?limit=250&pd=1&seed=659199&offset=0 898ms
200 /api/shard-b?limit=250&pd=1&seed=659199&offset=0 276ms
200 /api/shard-d?limit=250&pd=1&seed=659199&offset=0 313ms
200 /api/shard-c?limit=250&pd=1&seed=659199&offset=0 291ms
200 /api/shard-e?q=tulip+painting&limit=250&pd=1&seed=659199&offset=0 98ms
200 /api/shard-a?q=tulip+painting&limit=250&pd=1&seed=659199&offset=0 34ms
200 /api/search?limit=250&pd=1&seed=659199 2941ms
200 /api/search?q=tulip+painting&limit=250&pd=1&seed=659199 2219ms
200 /api/shard-c?op=status 0ms
200 /api/shard-b?op=status 0ms
200 /api/shard-d?op=status 0ms
200 /api/shard-e?op=status 1ms
200 /api/status 1930ms
200 /api/shard-c?op=item&id=si%3Asaam_1929.6.73 1ms
200 /api/shard-c?op=item&id=si%3Asaam_1956.11.6 1ms
200 /api/image?id=si%3Asaam_1929.6.73&size=thumb 273ms
200 /api/image?id=si%3Asaam_1956.11.6&size=thumb 326ms
200 /api/shard-d?op=item&id=met%3A451865 1ms
200 /api/shard-c?op=item&id=si%3Achndm_1923-22-2 2ms
200 /api/shard-c?op=item&id=si%3Achndm_1923-22-28 0ms
200 /api/image?id=met%3A451865&size=orig 125ms
200 /api/shard-c?op=item&id=si%3Achndm_1923-22-33 0ms
200 /api/shard-c?op=item&id=si%3Achndm_1923-22-18 0ms
200 /api/shard-c?op=item&id=si%3Achndm_1923-22-16 0ms
200 /api/shard-c?op=item&id=si%3Achndm_1923-22-10 0ms
200 /api/image?id=si%3Achndm_1923-22-28&size=thumb 264ms
200 /api/image?id=si%3Achndm_1923-22-2&size=thumb 279ms
200 /api/image?id=si%3Achndm_1923-22-33&size=thumb 255ms
200 /api/image?id=si%3Achndm_1923-22-18&size=thumb 255ms
200 /api/image?id=si%3Achndm_1923-22-16&size=thumb 282ms
200 /api/image?id=si%3Achndm_1923-22-10&size=thumb 259ms
200 /api/shard-c?op=item&id=si%3Achndm_1923-22-25 0ms
200 /api/shard-c?op=item&id=si%3Achndm_1961-105-373 1ms
200 /api/shard-c?op=item&id=si%3Achndm_1923-22-11 0ms
200 /api/shard-c?op=item&id=si%3Achndm_1923-22-20 1ms
200 /api/shard-c?op=item&id=si%3Achndm_1923-22-9 1ms
200 /api/image?id=si%3Achndm_1923-22-25&size=thumb 267ms
200 /api/image?id=si%3Achndm_1961-105-373&size=thumb 268ms
200 /api/image?id=si%3Achndm_1923-22-11&size=thumb 263ms
200 /api/image?id=si%3Achndm_1923-22-20&size=thumb 258ms
200 /api/image?id=si%3Achndm_1923-22-9&size=thumb 295ms
200 /api/auth 1ms
200 /api/auth 0ms
200 /api/shard-a?limit=250&pd=1&seed=627038&offset=0 3221ms
200 /api/shard-b?limit=250&pd=1&seed=627038&offset=0 686ms
200 /api/shard-c?limit=250&pd=1&seed=627038&offset=0 669ms
200 /api/shard-d?limit=250&pd=1&seed=627038&offset=0 995ms
200 /api/shard-e?limit=250&pd=1&seed=627038&offset=0 1580ms
200 /api/shard-b?op=status 0ms
200 /api/search?limit=250&pd=1&seed=627038 7169ms
200 /api/shard-a?op=status 1ms
200 /api/shard-b?limit=250&pd=1&seed=627038&offset=0 286ms
200 /api/shard-c?limit=250&pd=1&seed=627038&offset=0 568ms
200 /api/shard-d?limit=250&pd=1&seed=627038&offset=0 521ms
200 /api/shard-e?limit=250&pd=1&seed=627038&offset=0 906ms
200 /api/shard-a?q=tulip+painting&limit=250&pd=1&seed=627038&offset=0 91ms
200 /api/shard-b?q=tulip+painting&limit=250&pd=1&seed=627038&offset=0 16ms
200 /api/shard-c?op=status 0ms
200 /api/shard-d?op=status 0ms
200 /api/shard-e?op=status 0ms
200 /api/status 9568ms
200 /api/shard-a?limit=250&pd=1&seed=627038&offset=0 2909ms
200 /api/search?limit=250&pd=1&seed=627038 5310ms
200 /api/shard-d?q=tulip+painting&limit=250&pd=1&seed=627038&offset=0 116ms
200 /api/shard-c?q=tulip+painting&limit=250&pd=1&seed=627038&offset=0 238ms
200 /api/shard-e?q=tulip+painting&limit=250&pd=1&seed=627038&offset=0 100ms
200 /api/search?q=tulip+painting&limit=250&pd=1&seed=627038 4400ms
200 /api/shard-a?op=status 0ms
200 /api/shard-b?op=status 0ms
200 /api/shard-d?op=status 0ms
200 /api/shard-c?op=status 0ms
200 /api/shard-e?op=status 0ms
200 /api/status 3ms
200 /api/shard-c?op=item&id=si%3Asaam_1956.11.6 2ms
200 /api/shard-c?op=item&id=si%3Asaam_1929.6.73 1ms
200 /api/shard-c?op=item&id=si%3Achndm_1923-22-2 1ms
200 /api/image?id=si%3Achndm_1923-22-2&size=thumb 291ms
200 /api/shard-d?op=item&id=met%3A451865 0ms
200 /api/image?id=met%3A451865&size=orig 72ms
200 /api/shard-c?op=item&id=si%3Achndm_1923-22-33 1ms
200 /api/shard-c?op=item&id=si%3Achndm_1923-22-28 1ms
200 /api/image?id=si%3Achndm_1923-22-33&size=thumb 277ms
200 /api/image?id=si%3Achndm_1923-22-28&size=thumb 296ms
200 /api/shard-c?op=item&id=si%3Achndm_1923-22-18 0ms
200 /api/shard-c?op=item&id=si%3Achndm_1923-22-16 2ms
200 /api/shard-c?op=item&id=si%3Achndm_1923-22-10 0ms
200 /api/image?id=si%3Achndm_1923-22-18&size=thumb 353ms
200 /api/image?id=si%3Achndm_1923-22-10&size=thumb 266ms
200 /api/image?id=si%3Achndm_1923-22-16&size=thumb 290ms
200 /api/shard-c?op=item&id=si%3Achndm_1923-22-25 3ms
200 /api/image?id=si%3Achndm_1923-22-25&size=thumb 310ms
200 /api/shard-c?op=item&id=si%3Achndm_1961-105-373 1ms
200 /api/image?id=si%3Asaam_1956.11.6&size=thumb 3598ms
200 /api/image?id=si%3Asaam_1929.6.73&size=thumb 3608ms
200 /api/image?id=si%3Achndm_1961-105-373&size=thumb 285ms
200 /api/shard-c?op=item&id=si%3Achndm_1923-22-11 1ms
200 /api/shard-c?op=item&id=si%3Achndm_1923-22-20 0ms
200 /api/shard-c?op=item&id=si%3Achndm_1923-22-9 0ms
200 /api/image?id=si%3Achndm_1923-22-11&size=thumb 281ms
200 /api/image?id=si%3Achndm_1923-22-9&size=thumb 273ms
200 /api/image?id=si%3Achndm_1923-22-20&size=thumb 279ms
200 /api/auth 1ms
200 /api/auth 0ms
200 /api/shard-a?op=status 2ms
200 /api/shard-b?op=status 1ms
200 /api/shard-d?op=status 0ms
200 /api/shard-c?op=status 0ms
200 /api/shard-e?op=status 0ms
200 /api/shard-a?limit=250&pd=1&seed=636415&offset=0 3220ms
200 /api/status 3230ms
200 /api/shard-c?limit=250&pd=1&seed=636415&offset=0 683ms
200 /api/shard-b?limit=250&pd=1&seed=636415&offset=0 718ms
200 /api/shard-d?limit=250&pd=1&seed=636415&offset=0 966ms
200 /api/shard-e?limit=250&pd=1&seed=636415&offset=0 1558ms
200 /api/search?limit=250&pd=1&seed=636415 7167ms
200 /api/shard-b?q=tulip+painting&limit=250&pd=1&seed=636415&offset=0 17ms
200 /api/shard-c?q=tulip+painting&limit=250&pd=1&seed=636415&offset=0 182ms
200 /api/shard-d?q=tulip+painting&limit=250&pd=1&seed=636415&offset=0 93ms
200 /api/shard-a?op=status 0ms
200 /api/shard-a?limit=250&pd=1&seed=636415&offset=0 948ms
200 /api/shard-b?limit=250&pd=1&seed=636415&offset=0 277ms
200 /api/shard-c?limit=250&pd=1&seed=636415&offset=0 290ms
200 /api/shard-d?limit=250&pd=1&seed=636415&offset=0 318ms
200 /api/shard-e?limit=250&pd=1&seed=636415&offset=0 690ms
200 /api/shard-a?q=tulip+painting&limit=250&pd=1&seed=636415&offset=0 36ms
200 /api/search?limit=250&pd=1&seed=636415 2876ms
200 /api/shard-e?q=tulip+painting&limit=250&pd=1&seed=636415&offset=0 93ms
200 /api/search?q=tulip+painting&limit=250&pd=1&seed=636415 2968ms
200 /api/shard-c?op=status 0ms
200 /api/shard-b?op=status 0ms
200 /api/shard-d?op=status 1ms
200 /api/shard-e?op=status 0ms
200 /api/status 2673ms
200 /api/shard-c?op=item&id=si%3Asaam_1929.6.73 1ms
200 /api/shard-c?op=item&id=si%3Asaam_1956.11.6 1ms
200 /api/image?id=si%3Asaam_1929.6.73&size=thumb 363ms
200 /api/image?id=si%3Asaam_1956.11.6&size=thumb 399ms
200 /api/shard-c?op=item&id=si%3Achndm_1923-22-2 2ms
200 /api/image?id=si%3Achndm_1923-22-2&size=thumb 257ms
200 /api/shard-c?op=item&id=si%3Achndm_1923-22-28 1ms
200 /api/image?id=si%3Achndm_1923-22-28&size=thumb 256ms
200 /api/shard-d?op=item&id=met%3A451865 2ms
200 /api/image?id=met%3A451865&size=orig 82ms
200 /api/shard-c?op=item&id=si%3Achndm_1923-22-33 0ms
200 /api/shard-c?op=item&id=si%3Achndm_1923-22-18 1ms
200 /api/shard-c?op=item&id=si%3Achndm_1923-22-16 1ms
200 /api/image?id=si%3Achndm_1923-22-33&size=thumb 290ms
200 /api/image?id=si%3Achndm_1923-22-18&size=thumb 276ms
200 /api/image?id=si%3Achndm_1923-22-16&size=thumb 273ms
200 /api/shard-c?op=item&id=si%3Achndm_1923-22-10 0ms
200 /api/shard-c?op=item&id=si%3Achndm_1923-22-25 0ms
200 /api/image?id=si%3Achndm_1923-22-10&size=thumb 258ms
200 /api/image?id=si%3Achndm_1923-22-25&size=thumb 269ms
200 /api/shard-c?op=item&id=si%3Achndm_1961-105-373 2ms
200 /api/image?id=si%3Achndm_1961-105-373&size=thumb 423ms
200 /api/shard-c?op=item&id=si%3Achndm_1923-22-11 1ms
200 /api/shard-c?op=item&id=si%3Achndm_1923-22-20 0ms
200 /api/image?id=si%3Achndm_1923-22-11&size=thumb 290ms
200 /api/image?id=si%3Achndm_1923-22-20&size=thumb 293ms
200 /api/shard-c?op=item&id=si%3Achndm_1923-22-9 1ms
200 /api/image?id=si%3Achndm_1923-22-9&size=thumb 288ms
200 /api/auth 1ms
200 /api/auth 0ms
200 /api/shard-b?op=status 1ms
200 /api/shard-a?op=status 1ms
200 /api/shard-c?op=status 0ms
200 /api/shard-d?op=status 1ms
200 /api/shard-e?op=status 0ms
200 /api/status 9ms
200 /api/shard-a?limit=250&pd=1&seed=189086&offset=0 3490ms
200 /api/shard-b?limit=250&pd=1&seed=189086&offset=0 702ms
200 /api/shard-c?limit=250&pd=1&seed=189086&offset=0 676ms
200 /api/shard-d?limit=250&pd=1&seed=189086&offset=0 968ms
200 /api/shard-e?limit=250&pd=1&seed=189086&offset=0 1524ms
200 /api/search?limit=250&pd=1&seed=189086 7383ms
200 /api/shard-b?op=status 0ms
200 /api/shard-c?op=status 0ms
200 /api/shard-d?op=status 0ms
200 /api/shard-a?q=tulip+painting&limit=250&pd=1&seed=189086&offset=0 36ms
200 /api/shard-a?limit=250&pd=1&seed=189086&offset=0 880ms
200 /api/shard-b?limit=250&pd=1&seed=189086&offset=0 275ms
200 /api/shard-c?limit=250&pd=1&seed=189086&offset=0 316ms
200 /api/shard-d?limit=250&pd=1&seed=189086&offset=0 363ms
200 /api/shard-e?limit=250&pd=1&seed=189086&offset=0 769ms
200 /api/search?limit=250&pd=1&seed=189086 2657ms
200 /api/shard-a?op=status 0ms
200 /api/shard-e?op=status 0ms
200 /api/status 2656ms
200 /api/shard-b?q=tulip+painting&limit=250&pd=1&seed=189086&offset=0 17ms
200 /api/shard-c?q=tulip+painting&limit=250&pd=1&seed=189086&offset=0 170ms
200 /api/shard-d?q=tulip+painting&limit=250&pd=1&seed=189086&offset=0 98ms
200 /api/shard-e?q=tulip+painting&limit=250&pd=1&seed=189086&offset=0 104ms
200 /api/search?q=tulip+painting&limit=250&pd=1&seed=189086 3049ms
200 /api/shard-c?op=item&id=si%3Asaam_1956.11.6 1ms
200 /api/shard-c?op=item&id=si%3Asaam_1929.6.73 0ms
200 /api/image?id=si%3Asaam_1956.11.6&size=thumb 354ms
200 /api/image?id=si%3Asaam_1929.6.73&size=thumb 377ms
200 /api/shard-c?op=item&id=si%3Achndm_1923-22-2 1ms
200 /api/shard-d?op=item&id=met%3A451865 1ms
200 /api/shard-c?op=item&id=si%3Achndm_1923-22-28 0ms
200 /api/shard-c?op=item&id=si%3Achndm_1923-22-33 0ms
200 /api/shard-c?op=item&id=si%3Achndm_1923-22-18 0ms
200 /api/image?id=met%3A451865&size=orig 72ms
200 /api/shard-c?op=item&id=si%3Achndm_1923-22-16 1ms
200 /api/shard-c?op=item&id=si%3Achndm_1923-22-10 1ms
200 /api/image?id=si%3Achndm_1923-22-2&size=thumb 264ms
200 /api/image?id=si%3Achndm_1923-22-33&size=thumb 263ms
200 /api/image?id=si%3Achndm_1923-22-28&size=thumb 280ms
200 /api/image?id=si%3Achndm_1923-22-10&size=thumb 253ms
200 /api/image?id=si%3Achndm_1923-22-18&size=thumb 300ms
200 /api/image?id=si%3Achndm_1923-22-16&size=thumb 296ms
200 /api/shard-c?op=item&id=si%3Achndm_1923-22-25 0ms
200 /api/shard-c?op=item&id=si%3Achndm_1961-105-373 1ms
200 /api/shard-c?op=item&id=si%3Achndm_1923-22-11 1ms
200 /api/image?id=si%3Achndm_1961-105-373&size=thumb 251ms
200 /api/shard-c?op=item&id=si%3Achndm_1923-22-20 0ms
200 /api/shard-c?op=item&id=si%3Achndm_1923-22-9 0ms
200 /api/image?id=si%3Achndm_1923-22-11&size=thumb 321ms
200 /api/image?id=si%3Achndm_1923-22-20&size=thumb 279ms
200 /api/image?id=si%3Achndm_1923-22-9&size=thumb 265ms
200 /api/image?id=si%3Achndm_1923-22-25&size=thumb 3856ms
200 /api/auth 2ms
200 /api/shard-a?op=status 2ms
200 /api/shard-b?op=status 1ms
200 /api/shard-c?op=status 1ms
200 /api/shard-d?op=status 0ms
200 /api/shard-e?op=status 0ms
200 /api/status 12ms
200 /api/auth 0ms
200 /api/shard-b?limit=250&pd=1&seed=712842&offset=0 696ms
200 /api/shard-a?limit=250&pd=1&seed=712842&offset=0 3529ms
200 /api/shard-c?limit=250&pd=1&seed=712842&offset=0 711ms
200 /api/shard-d?limit=250&pd=1&seed=712842&offset=0 992ms
200 /api/shard-e?limit=250&pd=1&seed=712842&offset=0 1561ms
200 /api/search?limit=250&pd=1&seed=712842 7511ms
200 /api/shard-a?op=status 0ms
200 /api/shard-c?op=status 0ms
200 /api/shard-d?op=status 0ms
200 /api/shard-e?op=status 0ms
200 /api/auth 0ms
200 /api/shard-b?limit=250&pd=1&seed=712842&offset=0 409ms
200 /api/shard-a?limit=250&pd=1&seed=712842&offset=0 1001ms
200 /api/shard-d?limit=250&pd=1&seed=712842&offset=0 368ms
200 /api/shard-c?limit=250&pd=1&seed=712842&offset=0 323ms
200 /api/shard-e?limit=250&pd=1&seed=712842&offset=0 808ms
200 /api/shard-b?op=status 0ms
200 /api/search?limit=250&pd=1&seed=712842 2925ms
200 /api/status 2923ms
200 /api/shard-a?op=status 0ms
200 /api/shard-b?op=status 0ms
200 /api/shard-c?op=status 0ms
200 /api/shard-d?op=status 0ms
200 /api/shard-e?op=status 0ms
200 /api/status 2925ms
200 /api/auth 0ms
200 /api/auth 0ms
200 /api/shard-a?op=status 2ms
200 /api/shard-b?op=status 0ms
200 /api/shard-c?op=status 1ms
200 /api/shard-e?op=status 1ms
200 /api/shard-a?limit=250&pd=1&seed=151704&offset=0 3436ms
200 /api/shard-d?op=status 1ms
200 /api/status 3449ms
200 /api/shard-b?limit=250&pd=1&seed=151704&offset=0 709ms
200 /api/shard-d?limit=250&pd=1&seed=151704&offset=0 960ms
200 /api/shard-c?limit=250&pd=1&seed=151704&offset=0 677ms
200 /api/shard-e?limit=250&pd=1&seed=151704&offset=0 1494ms
200 /api/search?limit=250&pd=1&seed=151704 7297ms
200 /api/shard-b?q=tulip+painting&limit=250&pd=1&seed=151704&offset=0 15ms
200 /api/shard-c?q=tulip+painting&limit=250&pd=1&seed=151704&offset=0 169ms
200 /api/shard-d?q=tulip+painting&limit=250&pd=1&seed=151704&offset=0 92ms
200 /api/shard-a?op=status 0ms
200 /api/shard-a?limit=250&pd=1&seed=151704&offset=0 913ms
200 /api/shard-b?limit=250&pd=1&seed=151704&offset=0 273ms
200 /api/shard-d?limit=250&pd=1&seed=151704&offset=0 323ms
200 /api/shard-c?limit=250&pd=1&seed=151704&offset=0 271ms
200 /api/shard-e?limit=250&pd=1&seed=151704&offset=0 690ms
200 /api/shard-e?q=tulip+painting&limit=250&pd=1&seed=151704&offset=0 99ms
200 /api/search?limit=250&pd=1&seed=151704 2863ms
200 /api/shard-a?q=tulip+painting&limit=250&pd=1&seed=151704&offset=0 34ms
200 /api/search?q=tulip+painting&limit=250&pd=1&seed=151704 2899ms
200 /api/shard-c?op=status 0ms
200 /api/shard-b?op=status 0ms
200 /api/shard-e?op=status 0ms
200 /api/shard-d?op=status 0ms
200 /api/status 2625ms
200 /api/shard-c?op=item&id=si%3Asaam_1956.11.6 1ms
200 /api/shard-c?op=item&id=si%3Asaam_1929.6.73 1ms
200 /api/shard-c?op=item&id=si%3Achndm_1923-22-28 0ms
200 /api/shard-c?op=item&id=si%3Achndm_1923-22-2 1ms
200 /api/shard-c?op=item&id=si%3Achndm_1923-22-33 0ms
200 /api/image?id=si%3Asaam_1956.11.6&size=thumb 356ms
200 /api/image?id=si%3Asaam_1929.6.73&size=thumb 356ms
200 /api/shard-c?op=item&id=si%3Achndm_1923-22-18 0ms
200 /api/shard-c?op=item&id=si%3Achndm_1923-22-16 1ms
200 /api/shard-c?op=item&id=si%3Achndm_1923-22-10 0ms
200 /api/image?id=si%3Achndm_1923-22-2&size=thumb 268ms
200 /api/image?id=si%3Achndm_1923-22-33&size=thumb 281ms
200 /api/image?id=si%3Achndm_1923-22-28&size=thumb 313ms
200 /api/image?id=si%3Achndm_1923-22-18&size=thumb 284ms
200 /api/image?id=si%3Achndm_1923-22-16&size=thumb 290ms
200 /api/shard-d?op=item&id=met%3A451865 1ms
200 /api/image?id=met%3A451865&size=orig 71ms
200 /api/shard-c?op=item&id=si%3Achndm_1923-22-25 0ms
200 /api/image?id=si%3Achndm_1923-22-10&size=thumb 288ms
200 /api/shard-c?op=item&id=si%3Achndm_1961-105-373 0ms
200 /api/shard-c?op=item&id=si%3Achndm_1923-22-11 0ms
200 /api/shard-c?op=item&id=si%3Achndm_1923-22-20 0ms
200 /api/shard-c?op=item&id=si%3Achndm_1923-22-9 1ms
200 /api/image?id=si%3Achndm_1961-105-373&size=thumb 247ms
200 /api/image?id=si%3Achndm_1923-22-25&size=thumb 260ms
200 /api/image?id=si%3Achndm_1923-22-20&size=thumb 255ms
200 /api/image?id=si%3Achndm_1923-22-11&size=thumb 284ms
200 /api/image?id=si%3Achndm_1923-22-9&size=thumb 255ms
200 /api/auth 1ms
200 /api/shard-b?op=status 10ms
200 /api/shard-a?op=status 0ms
200 /api/shard-d?op=status 1ms
200 /api/shard-c?op=status 1ms
200 /api/shard-e?op=status 1ms
200 /api/status 19ms
200 /api/auth 0ms
200 /api/shard-b?limit=250&pd=1&seed=790903&offset=0 760ms
200 /api/shard-a?limit=250&pd=1&seed=790903&offset=0 3254ms
200 /api/shard-d?limit=250&pd=1&seed=790903&offset=0 947ms
200 /api/shard-c?limit=250&pd=1&seed=790903&offset=0 683ms
200 /api/shard-e?limit=250&pd=1&seed=790903&offset=0 1426ms
200 /api/search?limit=250&pd=1&seed=790903 7097ms
200 /api/shard-a?op=status 1ms
200 /api/shard-c?op=status 0ms
200 /api/shard-d?op=status 0ms
200 /api/shard-e?op=status 0ms
200 /api/auth 0ms
200 /api/shard-b?limit=250&pd=1&seed=790903&offset=0 367ms
200 /api/shard-a?limit=250&pd=1&seed=790903&offset=0 865ms
200 /api/shard-d?limit=250&pd=1&seed=790903&offset=0 313ms
200 /api/shard-e?limit=250&pd=1&seed=790903&offset=0 787ms
200 /api/shard-c?limit=250&pd=1&seed=790903&offset=0 289ms
200 /api/shard-b?op=status 0ms
200 /api/status 2634ms
200 /api/search?limit=250&pd=1&seed=790903 2638ms
200 /api/shard-b?op=status 0ms
200 /api/shard-a?op=status 0ms
200 /api/shard-d?op=status 0ms
200 /api/shard-c?op=status 0ms
200 /api/shard-e?op=status 0ms
200 /api/status 2633ms
200 /api/auth 2ms
200 /api/auth 0ms
200 /api/shard-a?op=status 4ms
200 /api/shard-b?op=status 0ms
200 /api/shard-d?op=status 1ms
200 /api/shard-c?op=status 1ms
200 /api/shard-e?op=status 1ms
200 /api/status 12ms
200 /api/shard-a?limit=250&pd=1&seed=845926&offset=0 3292ms
200 /api/shard-b?limit=250&pd=1&seed=845926&offset=0 710ms
200 /api/shard-d?limit=250&pd=1&seed=845926&offset=0 970ms
200 /api/shard-c?limit=250&pd=1&seed=845926&offset=0 683ms
200 /api/shard-e?limit=250&pd=1&seed=845926&offset=0 1480ms
200 /api/search?limit=250&pd=1&seed=845926 7156ms
200 /api/shard-b?op=status 0ms
200 /api/shard-c?op=status 0ms
200 /api/shard-d?op=status 1ms
200 /api/shard-a?q=tulip+painting&limit=250&pd=1&seed=845926&offset=0 39ms
200 /api/shard-a?limit=250&pd=1&seed=845926&offset=0 882ms
200 /api/shard-c?limit=250&pd=1&seed=845926&offset=0 279ms
200 /api/shard-b?limit=250&pd=1&seed=845926&offset=0 271ms
200 /api/shard-e?limit=250&pd=1&seed=845926&offset=0 721ms
200 /api/shard-d?limit=250&pd=1&seed=845926&offset=0 318ms
200 /api/shard-e?op=status 1ms
200 /api/shard-a?op=status 0ms
200 /api/search?limit=250&pd=1&seed=845926 2526ms
200 /api/status 2524ms
200 /api/shard-b?q=tulip+painting&limit=250&pd=1&seed=845926&offset=0 15ms
200 /api/shard-c?q=tulip+painting&limit=250&pd=1&seed=845926&offset=0 173ms
200 /api/shard-d?q=tulip+painting&limit=250&pd=1&seed=845926&offset=0 99ms
200 /api/shard-e?q=tulip+painting&limit=250&pd=1&seed=845926&offset=0 98ms
200 /api/search?q=tulip+painting&limit=250&pd=1&seed=845926 2915ms
200 /api/shard-d?op=item&id=met%3A451865 1ms
200 /api/image?id=met%3A451865&size=orig 317ms
200 /api/auth 1ms
200 /api/auth 0ms
200 /api/shard-a?op=status 1ms
200 /api/shard-b?op=status 0ms
200 /api/shard-c?op=status 0ms
200 /api/shard-d?op=status 0ms
200 /api/shard-e?op=status 1ms
200 /api/status 10ms
200 /api/shard-b?limit=250&pd=1&seed=546907&offset=0 310ms
200 /api/shard-a?limit=250&pd=1&seed=546907&offset=0 3260ms
200 /api/shard-d?limit=250&pd=1&seed=546907&offset=0 327ms
200 /api/shard-c?limit=250&pd=1&seed=546907&offset=0 680ms
200 /api/shard-e?limit=250&pd=1&seed=546907&offset=0 1521ms
200 /api/search?limit=250&pd=1&seed=546907 6120ms
200 /api/shard-a?op=status 1ms
200 /api/shard-b?op=status 0ms
200 /api/shard-c?op=status 1ms
200 /api/shard-d?op=status 0ms
200 /api/shard-e?op=status 0ms
200 /api/status 3ms
200 /api/shard-b?limit=250&pd=1&seed=546907&offset=0 285ms
200 /api/shard-a?limit=250&pd=1&seed=546907&offset=0 960ms
200 /api/shard-c?limit=250&pd=1&seed=546907&offset=0 290ms
200 /api/shard-d?limit=250&pd=1&seed=546907&offset=0 390ms
200 /api/shard-e?limit=250&pd=1&seed=546907&offset=0 740ms
200 /api/search?limit=250&pd=1&seed=546907 2679ms
200 /api/shard-b?q=tulip+painting&limit=250&pd=1&seed=546907&offset=0 20ms
200 /api/shard-a?q=tulip+painting&limit=250&pd=1&seed=546907&offset=0 34ms
200 /api/shard-c?q=tulip+painting&limit=250&pd=1&seed=546907&offset=0 175ms
200 /api/shard-d?q=tulip+painting&limit=250&pd=1&seed=546907&offset=0 99ms
200 /api/shard-e?q=tulip+painting&limit=250&pd=1&seed=546907&offset=0 105ms
200 /api/search?q=tulip+painting&limit=250&pd=1&seed=546907 3119ms
200 /api/shard-d?op=item&id=met%3A451865 1ms
200 /api/image?id=met%3A451865&size=orig 140ms
200 /api/auth 0ms
200 /api/auth 0ms
200 /api/shard-b?limit=250&pd=1&seed=75981&offset=0 1204ms
200 /api/shard-a?limit=250&pd=1&seed=75981&offset=0 3333ms
200 /api/shard-c?limit=250&pd=1&seed=75981&offset=0 755ms
200 /api/shard-d?limit=250&pd=1&seed=75981&offset=0 1070ms
200 /api/shard-a?op=status 0ms
200 /api/shard-e?limit=250&pd=1&seed=75981&offset=0 1611ms
200 /api/search?limit=250&pd=1&seed=75981 7995ms
200 /api/shard-a?limit=250&pd=1&seed=75981&offset=0 1030ms
200 /api/shard-c?limit=250&pd=1&seed=75981&offset=0 347ms
200 /api/shard-d?limit=250&pd=1&seed=75981&offset=0 371ms
200 /api/shard-e?limit=250&pd=1&seed=75981&offset=0 941ms
200 /api/shard-a?q=tulip+painting&limit=250&pd=1&seed=75981&offset=0 41ms
200 /api/shard-c?op=status 1ms
200 /api/shard-b?op=status 0ms
200 /api/shard-e?op=status 0ms
200 /api/shard-d?op=status 1ms
200 /api/status 10737ms
200 /api/shard-b?limit=250&pd=1&seed=75981&offset=0 418ms
200 /api/search?limit=250&pd=1&seed=75981 3165ms
200 /api/shard-b?q=tulip+painting&limit=250&pd=1&seed=75981&offset=0 17ms
200 /api/shard-c?q=tulip+painting&limit=250&pd=1&seed=75981&offset=0 188ms
200 /api/shard-d?q=tulip+painting&limit=250&pd=1&seed=75981&offset=0 106ms
200 /api/shard-e?q=tulip+painting&limit=250&pd=1&seed=75981&offset=0 107ms
200 /api/search?q=tulip+painting&limit=250&pd=1&seed=75981 896ms
200 /api/shard-a?op=status 1ms
200 /api/shard-b?op=status 1ms
200 /api/shard-c?op=status 1ms
200 /api/shard-d?op=status 0ms
200 /api/shard-e?op=status 0ms
200 /api/status 6ms
200 /api/shard-d?op=item&id=met%3A451865 2ms
200 /api/image?id=met%3A451865&size=orig 285ms
200 /api/auth 3ms
200 /api/auth 0ms
200 /api/shard-a?op=status 1ms
200 /api/shard-b?op=status 1ms
200 /api/shard-d?op=status 1ms
200 /api/shard-c?op=status 0ms
200 /api/shard-e?op=status 0ms
200 /api/status 9ms
200 /api/shard-a?limit=250&pd=1&seed=77000&offset=0 3445ms
200 /api/shard-b?limit=250&pd=1&seed=77000&offset=0 733ms
200 /api/shard-d?limit=250&pd=1&seed=77000&offset=0 1009ms
200 /api/shard-c?limit=250&pd=1&seed=77000&offset=0 718ms
200 /api/shard-e?limit=250&pd=1&seed=77000&offset=0 1702ms
200 /api/search?limit=250&pd=1&seed=77000 7656ms
200 /api/shard-b?op=status 1ms
200 /api/shard-c?op=status 0ms
200 /api/shard-d?op=status 1ms
200 /api/shard-e?op=status 0ms
200 /api/auth 0ms
200 /api/shard-a?limit=250&pd=1&seed=301866&offset=0 1119ms
200 /api/shard-b?limit=250&pd=1&seed=301866&offset=0 425ms
200 /api/shard-c?limit=250&pd=1&seed=301866&offset=0 413ms
200 /api/shard-d?limit=250&pd=1&seed=301866&offset=0 461ms
200 /api/auth 0ms
200 /api/shard-a?limit=250&pd=1&seed=380902&offset=0 1016ms
200 /api/shard-b?limit=250&pd=1&seed=380902&offset=0 358ms
200 /api/shard-c?limit=250&pd=1&seed=380902&offset=0 426ms
200 /api/shard-d?limit=250&pd=1&seed=380902&offset=0 374ms
200 /api/auth 0ms
200 /api/shard-a?limit=250&pd=1&seed=261566&offset=0 1011ms
200 /api/shard-b?limit=250&pd=1&seed=261566&offset=0 327ms
200 /api/shard-c?limit=250&pd=1&seed=261566&offset=0 341ms
200 /api/shard-d?limit=250&pd=1&seed=261566&offset=0 361ms
200 /api/shard-a?limit=250&pd=1&seed=77000&offset=0 1209ms
200 /api/shard-c?limit=250&pd=1&seed=77000&offset=0 474ms
200 /api/shard-d?limit=250&pd=1&seed=77000&offset=0 359ms
200 /api/shard-e?limit=250&pd=1&seed=77000&offset=0 1391ms
200 /api/shard-b?limit=250&pd=1&seed=77000&offset=0 318ms
200 /api/search?limit=250&pd=1&seed=77000 10431ms
200 /api/shard-a?op=status 0ms
200 /api/status 10430ms
200 /api/shard-a?op=status 0ms
200 /api/shard-c?op=status 0ms
200 /api/shard-d?op=status 0ms
200 /api/shard-e?op=status 0ms
200 /api/shard-e?limit=250&pd=1&seed=301866&offset=0 899ms
200 /api/search?limit=250&pd=1&seed=301866 11329ms
200 /api/shard-b?op=status 0ms
200 /api/status 11331ms
200 /api/shard-a?op=status 0ms
200 /api/shard-c?op=status 0ms
200 /api/shard-b?op=status 0ms
200 /api/shard-d?op=status 1ms
200 /api/shard-e?op=status 0ms
200 /api/status 8905ms
200 /api/shard-e?limit=250&pd=1&seed=380902&offset=0 938ms
200 /api/search?limit=250&pd=1&seed=380902 9846ms
200 /api/shard-b?limit=250&pd=1&seed=380902&offset=0 297ms
200 /api/shard-a?limit=250&pd=1&seed=380902&offset=0 1031ms
200 /api/shard-c?limit=250&pd=1&seed=380902&offset=0 329ms
200 /api/shard-d?limit=250&pd=1&seed=380902&offset=0 357ms
200 /api/shard-e?limit=250&pd=1&seed=380902&offset=0 884ms
200 /api/search?limit=250&pd=1&seed=380902 10580ms
200 /api/shard-e?limit=250&pd=1&seed=261566&offset=0 897ms
200 /api/search?limit=250&pd=1&seed=261566 11473ms
200 /api/shard-a?op=status 0ms
200 /api/shard-b?op=status 0ms
200 /api/shard-c?op=status 0ms
200 /api/shard-d?op=status 0ms
200 /api/shard-e?op=status 0ms
200 /api/status 9435ms
200 /api/auth 4ms
200 /api/auth 0ms
200 /api/shard-a?op=status 1ms
200 /api/shard-b?op=status 0ms
200 /api/shard-d?op=status 1ms
200 /api/shard-e?op=status 0ms
200 /api/shard-a?limit=250&pd=1&seed=305747&offset=0 1156ms
200 /api/shard-c?op=status 1ms
200 /api/status 1171ms
200 /api/shard-c?limit=250&pd=1&seed=305747&offset=0 354ms
200 /api/shard-d?limit=250&pd=1&seed=305747&offset=0 360ms
200 /api/shard-b?limit=250&pd=1&seed=305747&offset=0 702ms
200 /api/shard-e?limit=250&pd=1&seed=305747&offset=0 1558ms
200 /api/search?limit=250&pd=1&seed=305747 4159ms
200 /api/shard-c?limit=250&pd=1&seed=305747&offset=0 317ms
200 /api/shard-e?limit=250&pd=1&seed=305747&offset=0 869ms
200 /api/shard-a?op=status 0ms
200 /api/shard-b?op=status 0ms
200 /api/shard-c?op=status 0ms
200 /api/shard-d?op=status 0ms
200 /api/shard-e?op=status 0ms
200 /api/auth 1ms
200 /api/status 7ms
200 /api/shard-a?op=status 0ms
200 /api/shard-a?limit=250&pd=1&seed=863322&offset=0 1041ms
200 /api/shard-b?limit=250&pd=1&seed=863322&offset=0 306ms
200 /api/shard-c?limit=250&pd=1&seed=863322&offset=0 320ms
200 /api/shard-d?limit=250&pd=1&seed=863322&offset=0 382ms
200 /api/shard-e?limit=250&pd=1&seed=863322&offset=0 832ms
200 /api/shard-a?limit=250&pd=1&seed=863322&offset=0 1030ms
200 /api/shard-d?limit=250&pd=1&seed=305747&offset=0 360ms
200 /api/search?limit=250&pd=1&seed=863322 4285ms
200 /api/shard-a?limit=250&pd=1&seed=305747&offset=0 1014ms
200 /api/shard-b?limit=250&pd=1&seed=305747&offset=0 394ms
200 /api/search?limit=250&pd=1&seed=305747 6901ms
200 /api/auth 0ms
200 /api/shard-b?op=status 0ms
200 /api/shard-c?op=status 0ms
200 /api/shard-e?op=status 1ms
200 /api/shard-d?op=status 0ms
200 /api/status 5709ms
200 /api/shard-b?limit=250&pd=1&seed=863322&offset=0 346ms
200 /api/shard-c?limit=250&pd=1&seed=863322&offset=0 328ms
200 /api/shard-d?limit=250&pd=1&seed=863322&offset=0 360ms
200 /api/shard-e?limit=250&pd=1&seed=863322&offset=0 821ms
200 /api/search?limit=250&pd=1&seed=863322 5520ms
200 /api/shard-a?op=status 0ms
200 /api/shard-b?op=status 0ms
200 /api/shard-d?op=status 1ms
200 /api/shard-e?op=status 1ms
200 /api/shard-c?op=status 0ms
200 /api/status 3ms
200 /api/auth 0ms
200 /api/shard-b?op=status 1ms
200 /api/auth 0ms
200 /api/shard-a?op=status 0ms
200 /api/shard-d?op=status 0ms
200 /api/shard-c?op=status 0ms
200 /api/shard-a?limit=250&pd=1&seed=380976&offset=0 1007ms
200 /api/shard-e?op=status 1ms
200 /api/status 1019ms
200 /api/shard-c?limit=250&pd=1&seed=380976&offset=0 340ms
200 /api/shard-b?limit=250&pd=1&seed=380976&offset=0 302ms
200 /api/shard-d?limit=250&pd=1&seed=380976&offset=0 360ms
200 /api/shard-e?limit=250&pd=1&seed=380976&offset=0 817ms
200 /api/search?limit=250&pd=1&seed=380976 2849ms
200 /api/shard-a?limit=250&pd=1&seed=380976&offset=0 1064ms
200 /api/shard-b?limit=250&pd=1&seed=380976&offset=0 302ms
200 /api/shard-c?limit=250&pd=1&seed=380976&offset=0 328ms
200 /api/shard-d?limit=250&pd=1&seed=380976&offset=0 383ms
200 /api/shard-e?limit=250&pd=1&seed=380976&offset=0 875ms
200 /api/shard-a?op=status 1ms
200 /api/shard-b?op=status 0ms
200 /api/shard-c?op=status 1ms
200 /api/shard-d?op=status 0ms
200 /api/auth 0ms
200 /api/search?limit=250&pd=1&seed=380976 2973ms
200 /api/shard-a?op=status 0ms
200 /api/shard-b?op=status 0ms
200 /api/shard-c?op=status 0ms
200 /api/shard-d?op=status 0ms
200 /api/shard-e?op=status 0ms
200 /api/status 2ms
200 /api/shard-a?limit=250&pd=1&seed=417975&offset=0 1025ms
200 /api/shard-b?limit=250&pd=1&seed=417975&offset=0 320ms
200 /api/shard-c?limit=250&pd=1&seed=417975&offset=0 328ms
200 /api/shard-d?limit=250&pd=1&seed=417975&offset=0 503ms
200 /api/shard-e?limit=250&pd=1&seed=417975&offset=0 844ms
200 /api/search?limit=250&pd=1&seed=417975 3032ms
200 /api/shard-e?op=status 0ms
200 /api/status 3047ms
200 /api/shard-b?limit=250&pd=1&seed=417975&offset=0 300ms
200 /api/shard-a?limit=250&pd=1&seed=417975&offset=0 989ms
200 /api/shard-d?limit=250&pd=1&seed=417975&offset=0 351ms
200 /api/shard-c?limit=250&pd=1&seed=417975&offset=0 319ms
200 /api/shard-e?limit=250&pd=1&seed=417975&offset=0 823ms
200 /api/search?limit=250&pd=1&seed=417975 2802ms
200 /api/auth 0ms
200 /api/auth 0ms
200 /api/shard-a?op=status 2ms
200 /api/shard-b?op=status 1ms
200 /api/shard-d?op=status 1ms
200 /api/shard-c?op=status 1ms
200 /api/shard-a?limit=250&pd=1&seed=520183&offset=0 3444ms
200 /api/shard-e?op=status 1ms
200 /api/status 3461ms
200 /api/shard-b?limit=250&pd=1&seed=520183&offset=0 690ms
200 /api/shard-c?limit=250&pd=1&seed=520183&offset=0 704ms
200 /api/shard-e?limit=250&pd=1&seed=520183&offset=0 1482ms
200 /api/shard-d?limit=250&pd=1&seed=520183&offset=0 975ms
200 /api/search?limit=250&pd=1&seed=520183 7320ms
200 /api/auth 0ms
200 /api/shard-b?limit=250&pd=1&seed=701058&offset=0 295ms
200 /api/shard-c?limit=250&pd=1&seed=701058&offset=0 282ms
200 /api/shard-d?limit=250&pd=1&seed=701058&offset=0 336ms
200 /api/shard-e?limit=250&pd=1&seed=701058&offset=0 748ms
200 /api/auth 0ms
200 /api/shard-a?op=status 0ms
200 /api/shard-b?op=status 0ms
200 /api/shard-c?op=status 0ms
200 /api/shard-d?op=status 0ms
200 /api/shard-b?limit=250&pd=1&seed=520183&offset=0 274ms
200 /api/shard-a?limit=250&pd=1&seed=520183&offset=0 957ms
200 /api/shard-d?limit=250&pd=1&seed=520183&offset=0 356ms
200 /api/shard-c?limit=250&pd=1&seed=520183&offset=0 279ms
200 /api/shard-e?limit=250&pd=1&seed=520183&offset=0 722ms
200 /api/search?limit=250&pd=1&seed=520183 4274ms
200 /api/shard-a?limit=250&pd=1&seed=701058&offset=0 860ms
200 /api/search?limit=250&pd=1&seed=701058 5135ms
200 /api/shard-a?op=status 0ms
200 /api/shard-b?op=status 1ms
200 /api/shard-d?op=status 0ms
200 /api/shard-c?op=status 0ms
200 /api/shard-e?op=status 0ms
200 /api/status 3474ms
200 /api/shard-b?limit=250&pd=1&seed=701058&offset=0 268ms
200 /api/shard-a?limit=250&pd=1&seed=701058&offset=0 966ms
200 /api/shard-c?limit=250&pd=1&seed=701058&offset=0 308ms
200 /api/shard-d?limit=250&pd=1&seed=701058&offset=0 316ms
200 /api/shard-e?limit=250&pd=1&seed=701058&offset=0 730ms
200 /api/search?limit=250&pd=1&seed=701058 6068ms
200 /api/shard-e?op=status 0ms
200 /api/status 6068ms
200 /api/auth 1ms
200 /api/auth 0ms
200 /api/shard-a?op=status 1ms
200 /api/shard-c?op=status 1ms
200 /api/shard-d?op=status 0ms
200 /api/shard-e?op=status 0ms
200 /api/shard-b?op=status 0ms
200 /api/status 9ms
200 /api/shard-b?limit=250&pd=1&seed=967530&offset=0 703ms
200 /api/shard-a?limit=250&pd=1&seed=967530&offset=0 1356ms
200 /api/shard-d?limit=250&pd=1&seed=967530&offset=0 329ms
200 /api/shard-c?limit=250&pd=1&seed=967530&offset=0 761ms
200 /api/shard-e?limit=250&pd=1&seed=967530&offset=0 1517ms
200 /api/search?limit=250&pd=1&seed=967530 4685ms
200 /api/shard-a?op=status 0ms
200 /api/shard-b?op=status 0ms
200 /api/shard-c?op=status 1ms
200 /api/shard-d?op=status 0ms
200 /api/shard-e?op=status 0ms
200 /api/auth 0ms
200 /api/status 4ms
200 /api/shard-a?limit=250&pd=1&seed=321849&offset=0 1026ms
200 /api/shard-b?limit=250&pd=1&seed=321849&offset=0 385ms
200 /api/shard-c?limit=250&pd=1&seed=321849&offset=0 300ms
200 /api/shard-d?limit=250&pd=1&seed=321849&offset=0 322ms
200 /api/shard-e?limit=250&pd=1&seed=321849&offset=0 709ms
200 /api/search?limit=250&pd=1&seed=321849 2752ms
200 /api/shard-a?limit=250&pd=1&seed=321849&offset=0 916ms
200 /api/shard-b?limit=250&pd=1&seed=321849&offset=0 274ms
200 /api/shard-c?limit=250&pd=1&seed=321849&offset=0 296ms
200 /api/shard-d?limit=250&pd=1&seed=321849&offset=0 350ms
200 /api/shard-e?limit=250&pd=1&seed=321849&offset=0 788ms
200 /api/shard-c?limit=250&pd=1&seed=967530&offset=0 297ms
200 /api/search?limit=250&pd=1&seed=321849 2931ms
200 /api/shard-d?limit=250&pd=1&seed=967530&offset=0 318ms
200 /api/shard-a?limit=250&pd=1&seed=967530&offset=0 898ms
200 /api/shard-e?limit=250&pd=1&seed=967530&offset=0 723ms
200 /api/shard-b?limit=250&pd=1&seed=967530&offset=0 275ms
200 /api/search?limit=250&pd=1&seed=967530 7917ms
200 /api/auth 0ms
200 /api/shard-b?op=status 0ms
200 /api/shard-a?op=status 1ms
200 /api/shard-d?op=status 0ms
200 /api/shard-c?op=status 0ms
200 /api/shard-e?op=status 0ms
200 /api/status 7912ms
200 /api/shard-a?q=tulip+painting&limit=250&pd=1&seed=321849&offset=0 35ms
200 /api/shard-b?q=tulip+painting&limit=250&pd=1&seed=321849&offset=0 16ms
200 /api/shard-c?q=tulip+painting&limit=250&pd=1&seed=321849&offset=0 169ms
200 /api/shard-d?q=tulip+painting&limit=250&pd=1&seed=321849&offset=0 102ms
200 /api/shard-e?q=tulip+painting&limit=250&pd=1&seed=321849&offset=0 96ms
200 /api/shard-a?limit=250&pd=1&seed=321849&offset=0 881ms
200 /api/search?q=tulip+painting&limit=250&pd=1&seed=321849 1306ms
200 /api/shard-b?limit=250&pd=1&seed=321849&offset=0 342ms
200 /api/shard-c?limit=250&pd=1&seed=321849&offset=0 371ms
200 /api/shard-d?limit=250&pd=1&seed=321849&offset=0 374ms
200 /api/shard-e?limit=250&pd=1&seed=321849&offset=0 768ms
200 /api/search?limit=250&pd=1&seed=321849 9047ms
200 /api/shard-a?limit=250&pd=1&seed=321849&offset=0 948ms
200 /api/shard-b?limit=250&pd=1&seed=321849&offset=0 288ms
200 /api/shard-c?limit=250&pd=1&seed=321849&offset=0 297ms
200 /api/shard-e?limit=250&pd=1&seed=321849&offset=0 823ms
200 /api/shard-d?limit=250&pd=1&seed=321849&offset=0 323ms
200 /api/search?limit=250&pd=1&seed=321849 11021ms
200 /api/shard-b?op=status 0ms
200 /api/shard-a?op=status 0ms
200 /api/shard-c?op=status 0ms
200 /api/shard-d?op=status 0ms
200 /api/shard-e?op=status 0ms
200 /api/status 6ms
200 /api/shard-d?op=item&id=met%3A451865 1ms
200 /api/image?id=met%3A451865&size=orig 76ms
200 /api/auth 0ms
200 /api/auth 1ms
200 /api/shard-b?op=status 0ms
200 /api/shard-a?op=status 1ms
200 /api/shard-d?op=status 1ms
200 /api/shard-c?op=status 1ms
200 /api/shard-e?op=status 1ms
200 /api/status 8ms
200 /api/shard-a?limit=250&pd=1&seed=956011&offset=0 3153ms
200 /api/shard-b?limit=250&pd=1&seed=956011&offset=0 666ms
200 /api/shard-c?limit=250&pd=1&seed=956011&offset=0 691ms
200 /api/shard-e?limit=250&pd=1&seed=956011&offset=0 1426ms
200 /api/shard-d?limit=250&pd=1&seed=956011&offset=0 622ms
200 /api/search?limit=250&pd=1&seed=956011 6576ms
200 /api/shard-a?op=status 0ms
200 /api/shard-b?op=status 1ms
200 /api/shard-c?op=status 0ms
200 /api/shard-d?op=status 0ms
200 /api/auth 0ms
200 /api/shard-a?op=status 0ms
200 /api/shard-a?limit=250&pd=1&seed=590982&offset=0 976ms
200 /api/shard-b?limit=250&pd=1&seed=590982&offset=0 273ms
200 /api/shard-c?limit=250&pd=1&seed=590982&offset=0 288ms
200 /api/shard-d?limit=250&pd=1&seed=590982&offset=0 502ms
200 /api/shard-a?limit=250&pd=1&seed=590982&offset=0 910ms
200 /api/shard-a?limit=250&pd=1&seed=590982&offset=0 872ms
200 /api/shard-b?limit=250&pd=1&seed=590982&offset=0 287ms
200 /api/shard-c?limit=250&pd=1&seed=590982&offset=0 310ms
200 /api/shard-d?limit=250&pd=1&seed=590982&offset=0 333ms
200 /api/shard-a?limit=250&pd=1&seed=956011&offset=0 943ms
200 /api/shard-b?limit=250&pd=1&seed=956011&offset=0 280ms
200 /api/shard-c?limit=250&pd=1&seed=956011&offset=0 283ms
200 /api/shard-d?limit=250&pd=1&seed=956011&offset=0 324ms
200 /api/shard-e?limit=250&pd=1&seed=956011&offset=0 765ms
200 /api/shard-e?op=status 0ms
200 /api/search?limit=250&pd=1&seed=956011 7387ms
200 /api/status 7384ms
200 /api/auth 0ms
200 /api/shard-b?op=status 0ms
200 /api/shard-c?op=status 0ms
200 /api/shard-d?op=status 0ms
200 /api/shard-e?op=status 1ms
200 /api/status 7385ms
200 /api/shard-e?limit=250&pd=1&seed=590982&offset=0 757ms
200 /api/search?limit=250&pd=1&seed=590982 8144ms
200 /api/shard-a?limit=250&pd=1&seed=590982&offset=0 874ms
200 /api/shard-c?limit=250&pd=1&seed=590982&offset=0 278ms
200 /api/shard-b?limit=250&pd=1&seed=590982&offset=0 278ms
200 /api/shard-e?limit=250&pd=1&seed=590982&offset=0 742ms
200 /api/shard-d?limit=250&pd=1&seed=590982&offset=0 312ms
200 /api/search?limit=250&pd=1&seed=590982 8596ms
200 /api/shard-b?limit=250&pd=1&seed=590982&offset=0 288ms
200 /api/shard-c?limit=250&pd=1&seed=590982&offset=0 286ms
200 /api/shard-d?limit=250&pd=1&seed=590982&offset=0 313ms
200 /api/shard-e?limit=250&pd=1&seed=590982&offset=0 709ms
200 /api/search?limit=250&pd=1&seed=590982 10192ms
200 /api/shard-e?limit=250&pd=1&seed=590982&offset=0 726ms
200 /api/search?limit=250&pd=1&seed=590982 10009ms
200 /api/shard-a?q=tulip+painting&limit=250&pd=1&seed=590982&offset=0 35ms
200 /api/shard-b?q=tulip+painting&limit=250&pd=1&seed=590982&offset=0 23ms
200 /api/shard-c?q=tulip+painting&limit=250&pd=1&seed=590982&offset=0 176ms
200 /api/shard-d?q=tulip+painting&limit=250&pd=1&seed=590982&offset=0 93ms
200 /api/shard-e?q=tulip+painting&limit=250&pd=1&seed=590982&offset=0 96ms
200 /api/search?q=tulip+painting&limit=250&pd=1&seed=590982 8634ms
200 /api/shard-b?op=status 0ms
200 /api/shard-a?op=status 0ms
200 /api/shard-c?op=status 1ms
200 /api/shard-e?op=status 0ms
200 /api/shard-d?op=status 0ms
200 /api/status 3ms
200 /api/shard-d?op=item&id=met%3A451865 1ms
200 /api/image?id=met%3A451865&size=orig 91ms
200 /api/auth 1ms
200 /api/auth 0ms
200 /api/shard-b?op=status 2ms
200 /api/shard-a?op=status 0ms
200 /api/shard-c?op=status 0ms
200 /api/shard-e?op=status 0ms
200 /api/shard-d?op=status 0ms
200 /api/status 10ms
200 /api/shard-b?limit=250&pd=1&seed=945446&offset=0 301ms
200 /api/shard-a?limit=250&pd=1&seed=945446&offset=0 925ms
200 /api/shard-d?limit=250&pd=1&seed=945446&offset=0 355ms
200 /api/shard-c?limit=250&pd=1&seed=945446&offset=0 299ms
200 /api/shard-e?limit=250&pd=1&seed=945446&offset=0 765ms
200 /api/search?limit=250&pd=1&seed=945446 2666ms
200 /api/shard-a?limit=250&pd=1&seed=945446&offset=0 934ms
200 /api/shard-b?limit=250&pd=1&seed=945446&offset=0 276ms
200 /api/shard-c?limit=250&pd=1&seed=945446&offset=0 280ms
200 /api/shard-d?limit=250&pd=1&seed=945446&offset=0 324ms
200 /api/shard-e?limit=250&pd=1&seed=945446&offset=0 741ms
200 /api/shard-a?op=status 0ms
200 /api/shard-b?op=status 0ms
200 /api/shard-c?op=status 0ms
200 /api/shard-d?op=status 0ms
200 /api/search?limit=250&pd=1&seed=945446 2567ms
200 /api/shard-a?op=status 0ms
200 /api/auth 0ms
200 /api/shard-a?limit=250&pd=1&seed=139041&offset=0 912ms
200 /api/shard-b?limit=250&pd=1&seed=139041&offset=0 280ms
200 /api/shard-c?limit=250&pd=1&seed=139041&offset=0 288ms
200 /api/shard-d?limit=250&pd=1&seed=139041&offset=0 325ms
200 /api/shard-e?limit=250&pd=1&seed=139041&offset=0 709ms
200 /api/search?limit=250&pd=1&seed=139041 2527ms
200 /api/shard-a?limit=250&pd=1&seed=139041&offset=0 1059ms
200 /api/shard-b?limit=250&pd=1&seed=139041&offset=0 297ms
200 /api/shard-c?limit=250&pd=1&seed=139041&offset=0 726ms
200 /api/shard-d?limit=250&pd=1&seed=139041&offset=0 355ms
200 /api/shard-e?limit=250&pd=1&seed=139041&offset=0 792ms
200 /api/search?limit=250&pd=1&seed=139041 3255ms
200 /api/shard-a?limit=250&pd=1&seed=139041&offset=0 982ms
200 /api/shard-b?limit=250&pd=1&seed=139041&offset=0 306ms
200 /api/shard-c?limit=250&pd=1&seed=139041&offset=0 276ms
200 /api/shard-d?limit=250&pd=1&seed=139041&offset=0 318ms
200 /api/shard-e?limit=250&pd=1&seed=139041&offset=0 722ms
200 /api/search?limit=250&pd=1&seed=139041 2625ms
200 /api/shard-a?q=tulip+painting&limit=250&pd=1&seed=139041&offset=0 39ms
200 /api/shard-b?q=tulip+painting&limit=250&pd=1&seed=139041&offset=0 16ms
200 /api/shard-c?q=tulip+painting&limit=250&pd=1&seed=139041&offset=0 161ms
200 /api/shard-d?q=tulip+painting&limit=250&pd=1&seed=139041&offset=0 90ms
200 /api/shard-e?q=tulip+painting&limit=250&pd=1&seed=139041&offset=0 208ms
200 /api/shard-e?op=status 0ms
200 /api/search?q=tulip+painting&limit=250&pd=1&seed=139041 534ms
200 /api/status 8928ms
200 /api/shard-b?op=status 0ms
200 /api/shard-c?op=status 0ms
200 /api/shard-d?op=status 1ms
200 /api/shard-e?op=status 0ms
200 /api/auth 0ms
200 /api/status 8923ms
200 /api/shard-a?limit=250&pd=1&seed=139041&offset=0 1047ms
200 /api/shard-b?limit=250&pd=1&seed=139041&offset=0 280ms
200 /api/shard-c?limit=250&pd=1&seed=139041&offset=0 296ms
200 /api/shard-e?limit=250&pd=1&seed=139041&offset=0 770ms
200 /api/shard-d?limit=250&pd=1&seed=139041&offset=0 545ms
200 /api/shard-d?op=item&id=met%3A451865 0ms
200 /api/search?limit=250&pd=1&seed=139041 6110ms
200 /api/image?id=met%3A451865&size=orig 66ms
200 /api/auth 0ms
200 /api/auth 0ms
200 /api/shard-a?op=status 0ms
200 /api/shard-b?op=status 0ms
200 /api/shard-c?op=status 0ms
200 /api/shard-e?op=status 1ms
200 /api/shard-d?op=status 0ms
200 /api/status 2ms
200 /api/shard-a?op=status 1ms
200 /api/shard-b?op=status 0ms
200 /api/shard-c?op=status 0ms
200 /api/shard-d?op=status 0ms
200 /api/shard-e?op=status 0ms
200 /api/status 1ms
200 /api/auth 0ms
200 /api/auth 0ms
200 /api/shard-b?op=status 1ms
200 /api/shard-a?op=status 0ms
200 /api/shard-d?op=status 0ms
200 /api/shard-c?op=status 0ms
200 /api/shard-e?op=status 0ms
200 /api/status 6ms
200 /api/shard-a?limit=250&pd=1&seed=284469&offset=0 3352ms
200 /api/shard-b?limit=250&pd=1&seed=284469&offset=0 661ms
200 /api/shard-c?limit=250&pd=1&seed=284469&offset=0 685ms
200 /api/shard-e?limit=250&pd=1&seed=284469&offset=0 1437ms
200 /api/shard-d?limit=250&pd=1&seed=284469&offset=0 961ms
200 /api/search?limit=250&pd=1&seed=284469 7114ms
200 /api/shard-b?op=status 0ms
200 /api/shard-c?op=status 0ms
200 /api/shard-d?op=status 0ms
200 /api/auth 0ms
200 /api/shard-a?limit=250&pd=1&seed=750633&offset=0 874ms
200 /api/shard-a?op=status 0ms
200 /api/shard-b?op=status 0ms
200 /api/shard-c?op=status 0ms
200 /api/shard-b?limit=250&pd=1&seed=284469&offset=0 272ms
200 /api/shard-a?limit=250&pd=1&seed=284469&offset=0 878ms
200 /api/shard-d?limit=250&pd=1&seed=284469&offset=0 316ms
200 /api/shard-c?limit=250&pd=1&seed=284469&offset=0 293ms
200 /api/shard-e?limit=250&pd=1&seed=284469&offset=0 802ms
200 /api/shard-a?op=status 1ms
200 /api/search?limit=250&pd=1&seed=284469 3453ms
200 /api/shard-e?op=status 0ms
200 /api/shard-b?limit=250&pd=1&seed=750633&offset=0 276ms
200 /api/status 3727ms
200 /api/shard-d?limit=250&pd=1&seed=750633&offset=0 325ms
200 /api/shard-c?limit=250&pd=1&seed=750633&offset=0 268ms
200 /api/shard-e?limit=250&pd=1&seed=750633&offset=0 689ms
200 /api/search?limit=250&pd=1&seed=750633 5015ms
200 /api/shard-d?op=status 0ms
200 /api/shard-e?op=status 0ms
200 /api/status 4140ms
200 /api/shard-b?limit=250&pd=1&seed=750633&offset=0 278ms
200 /api/shard-a?limit=250&pd=1&seed=750633&offset=0 874ms
200 /api/shard-c?limit=250&pd=1&seed=750633&offset=0 279ms
200 /api/shard-d?limit=250&pd=1&seed=750633&offset=0 335ms
200 /api/shard-e?limit=250&pd=1&seed=750633&offset=0 1028ms
200 /api/search?limit=250&pd=1&seed=750633 6952ms
200 /api/auth 1ms
200 /api/auth 0ms
200 /api/shard-a?op=status 1ms
200 /api/shard-b?op=status 0ms
200 /api/shard-d?op=status 0ms
200 /api/shard-c?op=status 1ms
200 /api/shard-a?limit=250&pd=1&seed=900309&offset=0 910ms
200 /api/shard-e?op=status 1ms
200 /api/status 919ms
200 /api/shard-b?limit=250&pd=1&seed=900309&offset=0 298ms
200 /api/shard-c?limit=250&pd=1&seed=900309&offset=0 290ms
200 /api/shard-d?limit=250&pd=1&seed=900309&offset=0 346ms
200 /api/shard-e?limit=250&pd=1&seed=900309&offset=0 736ms
200 /api/search?limit=250&pd=1&seed=900309 2597ms
200 /api/shard-a?limit=250&pd=1&seed=900309&offset=0 926ms
200 /api/shard-b?limit=250&pd=1&seed=900309&offset=0 280ms
200 /api/shard-c?limit=250&pd=1&seed=900309&offset=0 287ms
200 /api/shard-d?limit=250&pd=1&seed=900309&offset=0 372ms
200 /api/shard-e?limit=250&pd=1&seed=900309&offset=0 732ms
200 /api/shard-a?op=status 1ms
200 /api/shard-b?op=status 0ms
200 /api/shard-c?op=status 0ms
200 /api/shard-d?op=status 0ms
200 /api/auth 0ms
200 /api/search?limit=250&pd=1&seed=900309 2610ms
200 /api/shard-a?op=status 0ms
200 /api/shard-b?op=status 0ms
200 /api/shard-c?op=status 0ms
200 /api/shard-d?op=status 0ms
200 /api/shard-a?limit=250&pd=1&seed=759428&offset=0 913ms
200 /api/shard-b?limit=250&pd=1&seed=759428&offset=0 277ms
200 /api/shard-c?limit=250&pd=1&seed=759428&offset=0 281ms
200 /api/shard-d?limit=250&pd=1&seed=759428&offset=0 326ms
200 /api/shard-e?limit=250&pd=1&seed=759428&offset=0 701ms
200 /api/search?limit=250&pd=1&seed=759428 2505ms
200 /api/shard-a?limit=250&pd=1&seed=759428&offset=0 972ms
200 /api/shard-a?op=status 0ms
200 /api/shard-b?op=status 0ms
200 /api/shard-c?op=status 1ms
200 /api/shard-d?op=status 0ms
200 /api/auth 0ms
200 /api/shard-a?limit=250&pd=1&seed=306199&offset=0 921ms
200 /api/shard-b?limit=250&pd=1&seed=306199&offset=0 277ms
200 /api/shard-c?limit=250&pd=1&seed=306199&offset=0 281ms
200 /api/shard-d?limit=250&pd=1&seed=306199&offset=0 318ms
200 /api/shard-e?limit=250&pd=1&seed=306199&offset=0 723ms
200 /api/search?limit=250&pd=1&seed=306199 2528ms
200 /api/shard-a?limit=250&pd=1&seed=306199&offset=0 915ms
200 /api/shard-b?limit=250&pd=1&seed=306199&offset=0 316ms
200 /api/shard-c?limit=250&pd=1&seed=306199&offset=0 278ms
200 /api/shard-d?limit=250&pd=1&seed=306199&offset=0 318ms
200 /api/shard-e?limit=250&pd=1&seed=306199&offset=0 837ms
200 /api/shard-e?op=status 0ms
200 /api/search?limit=250&pd=1&seed=306199 2680ms
200 /api/status 8692ms
200 /api/auth 0ms
200 /api/shard-a?op=status 0ms
200 /api/shard-b?op=status 0ms
200 /api/shard-c?op=status 0ms
200 /api/shard-d?op=status 0ms
200 /api/shard-e?op=status 0ms
200 /api/status 2ms
200 /api/shard-a?limit=250&pd=1&seed=427617&offset=0 945ms
200 /api/shard-b?limit=250&pd=1&seed=427617&offset=0 278ms
200 /api/shard-c?limit=250&pd=1&seed=427617&offset=0 338ms
200 /api/shard-d?limit=250&pd=1&seed=427617&offset=0 343ms
200 /api/shard-e?limit=250&pd=1&seed=427617&offset=0 757ms
200 /api/search?limit=250&pd=1&seed=427617 2669ms
200 /api/shard-a?limit=250&pd=1&seed=427617&offset=0 924ms
200 /api/shard-e?op=status 0ms
200 /api/status 12281ms
200 /api/shard-b?limit=250&pd=1&seed=759428&offset=0 278ms
200 /api/shard-c?limit=250&pd=1&seed=759428&offset=0 285ms
200 /api/shard-d?limit=250&pd=1&seed=759428&offset=0 318ms
200 /api/shard-e?limit=250&pd=1&seed=759428&offset=0 732ms
200 /api/shard-e?op=status 0ms
200 /api/search?limit=250&pd=1&seed=759428 11401ms
200 /api/status 10422ms
200 /api/shard-c?limit=250&pd=1&seed=427617&offset=0 285ms
200 /api/shard-b?limit=250&pd=1&seed=427617&offset=0 283ms
200 /api/shard-d?limit=250&pd=1&seed=427617&offset=0 335ms
200 /api/shard-e?limit=250&pd=1&seed=427617&offset=0 711ms
200 /api/search?limit=250&pd=1&seed=427617 4175ms
200 /api/auth 0ms
200 /api/shard-b?op=status 0ms
200 /api/shard-a?op=status 0ms
200 /api/shard-c?op=status 1ms
200 /api/shard-e?op=status 0ms
200 /api/shard-d?op=status 0ms
200 /api/status 6ms
200 /api/auth 0ms
200 /api/shard-b?limit=250&pd=1&seed=868362&offset=0 297ms
200 /api/shard-a?limit=250&pd=1&seed=868362&offset=0 924ms
200 /api/shard-d?limit=250&pd=1&seed=868362&offset=0 318ms
200 /api/shard-c?limit=250&pd=1&seed=868362&offset=0 343ms
200 /api/shard-e?limit=250&pd=1&seed=868362&offset=0 747ms
200 /api/search?limit=250&pd=1&seed=868362 2646ms
200 /api/shard-a?limit=250&pd=1&seed=868362&offset=0 986ms
200 /api/shard-b?limit=250&pd=1&seed=868362&offset=0 310ms
200 /api/shard-c?limit=250&pd=1&seed=868362&offset=0 293ms
200 /api/shard-d?limit=250&pd=1&seed=868362&offset=0 316ms
200 /api/shard-e?limit=250&pd=1&seed=868362&offset=0 717ms
200 /api/shard-a?op=status 0ms
200 /api/shard-b?op=status 0ms
200 /api/shard-c?op=status 1ms
200 /api/shard-d?op=status 0ms
200 /api/auth 0ms
200 /api/search?limit=250&pd=1&seed=868362 2633ms
200 /api/shard-a?op=status 0ms
200 /api/shard-b?op=status 0ms
200 /api/shard-c?op=status 0ms
200 /api/shard-d?op=status 0ms
200 /api/shard-a?limit=250&pd=1&seed=707994&offset=0 875ms
200 /api/shard-b?limit=250&pd=1&seed=707994&offset=0 317ms
200 /api/shard-c?limit=250&pd=1&seed=707994&offset=0 313ms
200 /api/shard-d?limit=250&pd=1&seed=707994&offset=0 321ms
200 /api/shard-e?limit=250&pd=1&seed=707994&offset=0 715ms
200 /api/search?limit=250&pd=1&seed=707994 2550ms
200 /api/shard-a?limit=250&pd=1&seed=707994&offset=0 893ms
200 /api/shard-e?op=status 0ms
200 /api/status 3455ms
200 /api/shard-e?op=status 1ms
200 /api/status 3447ms
200 /api/shard-b?limit=250&pd=1&seed=707994&offset=0 279ms
200 /api/shard-c?limit=250&pd=1&seed=707994&offset=0 288ms
200 /api/shard-d?limit=250&pd=1&seed=707994&offset=0 318ms
200 /api/shard-e?limit=250&pd=1&seed=707994&offset=0 726ms
200 /api/search?limit=250&pd=1&seed=707994 2519ms
200 /api/auth 1ms
200 /api/auth 0ms
200 /api/shard-a?op=status 1ms
200 /api/shard-b?op=status 1ms
200 /api/shard-c?op=status 0ms
200 /api/shard-d?op=status 1ms
200 /api/shard-e?op=status 0ms
200 /api/status 5ms
200 /api/shard-a?limit=250&pd=1&seed=773543&offset=0 904ms
200 /api/shard-b?limit=250&pd=1&seed=773543&offset=0 289ms
200 /api/shard-c?limit=250&pd=1&seed=773543&offset=0 287ms
200 /api/shard-e?limit=250&pd=1&seed=773543&offset=0 884ms
200 /api/shard-d?limit=250&pd=1&seed=773543&offset=0 1124ms
200 /api/search?limit=250&pd=1&seed=773543 3509ms
200 /api/shard-e?limit=250&pd=1&seed=773543&offset=0 999ms
200 /api/shard-a?op=status 0ms
200 /api/shard-b?op=status 0ms
200 /api/shard-c?op=status 1ms
200 /api/shard-d?op=status 0ms
200 /api/auth 0ms
200 /api/shard-a?op=status 1ms
200 /api/shard-b?op=status 0ms
200 /api/shard-a?limit=250&pd=1&seed=835465&offset=0 1219ms
200 /api/shard-b?limit=250&pd=1&seed=835465&offset=0 285ms
200 /api/shard-c?limit=250&pd=1&seed=835465&offset=0 322ms
200 /api/shard-d?limit=250&pd=1&seed=835465&offset=0 344ms
200 /api/shard-d?limit=250&pd=1&seed=773543&offset=0 295ms
200 /api/shard-b?limit=250&pd=1&seed=773543&offset=0 288ms
200 /api/shard-a?limit=250&pd=1&seed=773543&offset=0 929ms
200 /api/shard-c?limit=250&pd=1&seed=773543&offset=0 311ms
200 /api/search?limit=250&pd=1&seed=773543 5022ms
200 /api/shard-e?op=status 1ms
200 /api/status 4015ms
200 /api/shard-c?op=status 1ms
200 /api/shard-d?op=status 0ms
200 /api/shard-e?op=status 0ms
200 /api/status 4010ms
200 /api/shard-e?limit=250&pd=1&seed=835465&offset=0 759ms
200 /api/search?limit=250&pd=1&seed=835465 4770ms
200 /api/shard-a?limit=250&pd=1&seed=835465&offset=0 926ms
200 /api/shard-b?limit=250&pd=1&seed=835465&offset=0 301ms
200 /api/shard-c?limit=250&pd=1&seed=835465&offset=0 289ms
200 /api/shard-d?limit=250&pd=1&seed=835465&offset=0 332ms
200 /api/shard-e?limit=250&pd=1&seed=835465&offset=0 846ms
200 /api/search?limit=250&pd=1&seed=835465 5304ms
200 /api/auth 1ms
200 /api/auth 0ms
200 /api/shard-b?op=status 2ms
200 /api/shard-a?op=status 0ms
200 /api/shard-d?op=status 1ms
200 /api/shard-c?op=status 0ms
200 /api/shard-e?op=status 1ms
200 /api/status 10ms
200 /api/shard-b?limit=250&pd=1&seed=555313&offset=0 724ms
200 /api/shard-a?limit=250&pd=1&seed=555313&offset=0 3257ms
200 /api/shard-d?limit=250&pd=1&seed=555313&offset=0 976ms
200 /api/shard-c?limit=250&pd=1&seed=555313&offset=0 686ms
200 /api/shard-e?limit=250&pd=1&seed=555313&offset=0 1438ms
200 /api/search?limit=250&pd=1&seed=555313 7101ms
200 /api/shard-a?op=status 1ms
200 /api/shard-c?op=status 0ms
200 /api/shard-d?op=status 0ms
200 /api/shard-e?op=status 0ms
200 /api/auth 0ms
200 /api/shard-a?limit=250&pd=1&seed=637252&offset=0 868ms
200 /api/shard-b?limit=250&pd=1&seed=637252&offset=0 384ms
200 /api/shard-c?limit=250&pd=1&seed=637252&offset=0 277ms
200 /api/shard-d?limit=250&pd=1&seed=637252&offset=0 315ms
200 /api/shard-b?limit=250&pd=1&seed=555313&offset=0 272ms
200 /api/shard-a?limit=250&pd=1&seed=555313&offset=0 886ms
200 /api/shard-d?limit=250&pd=1&seed=555313&offset=0 322ms
200 /api/shard-c?limit=250&pd=1&seed=555313&offset=0 271ms
200 /api/shard-e?limit=250&pd=1&seed=555313&offset=0 708ms
200 /api/shard-b?op=status 1ms
200 /api/search?limit=250&pd=1&seed=555313 4325ms
200 /api/status 4324ms
200 /api/shard-a?op=status 0ms
200 /api/shard-b?op=status 0ms
200 /api/shard-c?op=status 0ms
200 /api/shard-e?op=status 0ms
200 /api/auth 0ms
200 /api/shard-d?op=status 0ms
200 /api/status 4326ms
200 /api/shard-e?limit=250&pd=1&seed=637252&offset=0 799ms
200 /api/search?limit=250&pd=1&seed=637252 5126ms
200 /api/shard-a?limit=250&pd=1&seed=637252&offset=0 860ms
200 /api/shard-b?limit=250&pd=1&seed=637252&offset=0 269ms
200 /api/shard-c?limit=250&pd=1&seed=637252&offset=0 287ms
200 /api/shard-e?limit=250&pd=1&seed=637252&offset=0 714ms
200 /api/shard-d?limit=250&pd=1&seed=637252&offset=0 311ms
200 /api/search?limit=250&pd=1&seed=637252 5729ms
200 /api/shard-b?q=tulip+painting&limit=250&pd=1&seed=637252&offset=0 18ms
200 /api/shard-a?q=tulip+painting&limit=250&pd=1&seed=637252&offset=0 34ms
200 /api/shard-c?q=tulip+painting&limit=250&pd=1&seed=637252&offset=0 172ms
200 /api/shard-e?q=tulip+painting&limit=250&pd=1&seed=637252&offset=0 168ms
200 /api/shard-d?q=tulip+painting&limit=250&pd=1&seed=637252&offset=0 93ms
200 /api/search?q=tulip+painting&limit=250&pd=1&seed=637252 6220ms
200 /api/shard-a?op=status 0ms
200 /api/shard-b?op=status 0ms
200 /api/shard-d?op=status 0ms
200 /api/shard-c?op=status 0ms
200 /api/shard-e?op=status 0ms
200 /api/status 4ms
200 /api/shard-d?op=item&id=met%3A451865 0ms
200 /api/download?id=met%3A451865&file=image 86ms
200 /api/shard-d?op=item&id=met%3A451865 1ms
200 /api/image?id=met%3A451865&size=orig 19ms
200 /api/auth 1ms
200 /api/auth 0ms
200 /api/shard-a?limit=250&pd=1&seed=706181&offset=0 901ms
200 /api/shard-b?limit=250&pd=1&seed=706181&offset=0 285ms
200 /api/shard-c?limit=250&pd=1&seed=706181&offset=0 300ms
200 /api/shard-d?limit=250&pd=1&seed=706181&offset=0 753ms
200 /api/shard-e?limit=250&pd=1&seed=706181&offset=0 801ms
200 /api/shard-b?op=status 0ms
200 /api/search?limit=250&pd=1&seed=706181 3056ms
200 /api/shard-a?op=status 0ms
200 /api/shard-d?op=status 0ms
200 /api/shard-c?op=status 0ms
200 /api/shard-e?op=status 0ms
200 /api/status 3056ms
200 /api/shard-a?limit=250&pd=1&seed=706181&offset=0 897ms
200 /api/shard-b?limit=250&pd=1&seed=706181&offset=0 289ms
200 /api/shard-c?limit=250&pd=1&seed=706181&offset=0 279ms
200 /api/shard-d?limit=250&pd=1&seed=706181&offset=0 310ms
200 /api/auth 0ms
200 /api/shard-e?limit=250&pd=1&seed=706181&offset=0 694ms
200 /api/search?limit=250&pd=1&seed=706181 2476ms
200 /api/shard-a?limit=250&pd=1&seed=312724&offset=0 878ms
200 /api/shard-b?limit=250&pd=1&seed=312724&offset=0 286ms
200 /api/shard-c?limit=250&pd=1&seed=312724&offset=0 293ms
200 /api/shard-d?limit=250&pd=1&seed=312724&offset=0 315ms
200 /api/shard-e?limit=250&pd=1&seed=312724&offset=0 708ms
200 /api/shard-a?op=status 1ms
200 /api/shard-b?op=status 0ms
200 /api/shard-c?op=status 0ms
200 /api/shard-d?op=status 0ms
200 /api/shard-a?limit=250&pd=1&seed=312724&offset=0 873ms
200 /api/search?limit=250&pd=1&seed=312724 3369ms
200 /api/shard-a?q=tulip+painting&limit=250&pd=1&seed=312724&offset=0 36ms
200 /api/shard-b?q=tulip+painting&limit=250&pd=1&seed=312724&offset=0 15ms
200 /api/shard-c?q=tulip+painting&limit=250&pd=1&seed=312724&offset=0 170ms
200 /api/auth 0ms
200 /api/shard-e?op=status 0ms
200 /api/status 1110ms
200 /api/shard-b?limit=250&pd=1&seed=312724&offset=0 285ms
200 /api/shard-c?limit=250&pd=1&seed=312724&offset=0 300ms
200 /api/shard-d?limit=250&pd=1&seed=312724&offset=0 314ms
200 /api/shard-e?limit=250&pd=1&seed=312724&offset=0 702ms
200 /api/shard-e?q=tulip+painting&limit=250&pd=1&seed=312724&offset=0 100ms
200 /api/search?limit=250&pd=1&seed=312724 2815ms
200 /api/shard-d?q=tulip+painting&limit=250&pd=1&seed=312724&offset=0 91ms
200 /api/search?q=tulip+painting&limit=250&pd=1&seed=312724 2034ms
200 /api/shard-a?op=status 1ms
200 /api/shard-b?op=status 0ms
200 /api/shard-c?op=status 0ms
200 /api/shard-d?op=status 0ms
200 /api/shard-e?op=status 0ms
200 /api/status 2ms
200 /api/shard-d?op=item&id=met%3A451865 2ms
200 /api/download?id=met%3A451865&file=image 107ms
200 /api/auth 0ms
200 /api/auth 0ms
200 /api/shard-a?limit=250&pd=1&seed=521388&offset=0 872ms
200 /api/shard-b?limit=250&pd=1&seed=521388&offset=0 274ms
200 /api/shard-c?limit=250&pd=1&seed=521388&offset=0 293ms
200 /api/shard-a?limit=250&pd=1&seed=521388&offset=0 873ms
200 /api/shard-b?limit=250&pd=1&seed=521388&offset=0 280ms
200 /api/shard-c?limit=250&pd=1&seed=521388&offset=0 276ms
200 /api/shard-d?limit=250&pd=1&seed=521388&offset=0 312ms
200 /api/shard-e?limit=250&pd=1&seed=521388&offset=0 714ms
200 /api/search?limit=250&pd=1&seed=521388 3908ms
200 /api/shard-b?op=status 0ms
200 /api/shard-a?op=status 0ms
200 /api/shard-c?op=status 0ms
200 /api/shard-d?op=status 0ms
200 /api/shard-e?op=status 1ms
200 /api/status 3909ms
200 /api/auth 0ms
200 /api/shard-a?op=status 0ms
200 /api/shard-b?op=status 0ms
200 /api/shard-c?op=status 0ms
200 /api/shard-d?op=status 1ms
200 /api/shard-e?op=status 0ms
200 /api/shard-a?limit=250&pd=1&seed=549367&offset=0 876ms
200 /api/shard-b?limit=250&pd=1&seed=549367&offset=0 281ms
200 /api/shard-c?limit=250&pd=1&seed=549367&offset=0 280ms
200 /api/shard-d?limit=250&pd=1&seed=549367&offset=0 323ms
200 /api/shard-e?limit=250&pd=1&seed=549367&offset=0 743ms
200 /api/status 2509ms
200 /api/search?limit=250&pd=1&seed=549367 2514ms
200 /api/shard-a?q=tulip+painting&limit=250&pd=1&seed=549367&offset=0 37ms
200 /api/shard-b?q=tulip+painting&limit=250&pd=1&seed=549367&offset=0 15ms
200 /api/shard-c?q=tulip+painting&limit=250&pd=1&seed=549367&offset=0 166ms
200 /api/shard-d?q=tulip+painting&limit=250&pd=1&seed=549367&offset=0 95ms
200 /api/shard-d?limit=250&pd=1&seed=521388&offset=0 271ms
200 /api/shard-e?limit=250&pd=1&seed=521388&offset=0 712ms
200 /api/auth 0ms
200 /api/search?limit=250&pd=1&seed=521388 6285ms
200 /api/shard-b?limit=250&pd=1&seed=549367&offset=0 269ms
200 /api/shard-a?limit=250&pd=1&seed=549367&offset=0 892ms
200 /api/shard-d?limit=250&pd=1&seed=549367&offset=0 325ms
200 /api/shard-c?limit=250&pd=1&seed=549367&offset=0 276ms
200 /api/shard-e?limit=250&pd=1&seed=549367&offset=0 701ms
200 /api/search?limit=250&pd=1&seed=549367 4529ms
200 /api/shard-e?q=tulip+painting&limit=250&pd=1&seed=549367&offset=0 101ms
200 /api/search?q=tulip+painting&limit=250&pd=1&seed=549367 3883ms
200 /api/shard-a?op=status 0ms
200 /api/shard-b?op=status 0ms
200 /api/shard-c?op=status 0ms
200 /api/shard-d?op=status 0ms
200 /api/shard-e?op=status 1ms
200 /api/status 3ms
200 /api/shard-c?op=item&id=si%3Asaam_1956.11.6 0ms
200 /api/shard-c?op=item&id=si%3Asaam_1929.6.73 0ms
200 /api/shard-d?op=item&id=met%3A451865 2ms
200 /api/download?id=met%3A451865&file=image 93ms
200 /api/shard-c?op=item&id=si%3Achndm_1923-22-2 0ms
200 /api/shard-c?op=item&id=si%3Achndm_1923-22-28 0ms
200 /api/shard-c?op=item&id=si%3Achndm_1923-22-16 0ms
200 /api/shard-c?op=item&id=si%3Achndm_1923-22-18 1ms
200 /api/image?id=si%3Achndm_1923-22-16&size=thumb 289ms
200 /api/image?id=si%3Achndm_1923-22-18&size=thumb 309ms
200 /api/shard-c?op=item&id=si%3Achndm_1923-22-10 0ms
200 /api/shard-c?op=item&id=si%3Achndm_1923-22-25 0ms
200 /api/image?id=si%3Achndm_1923-22-10&size=thumb 278ms
200 /api/image?id=si%3Achndm_1923-22-25&size=thumb 358ms
200 /api/shard-c?op=item&id=si%3Achndm_1923-22-33 0ms
200 /api/shard-c?op=item&id=si%3Achndm_1961-105-373 1ms
200 /api/image?id=si%3Asaam_1956.11.6&size=thumb 2023ms
200 /api/image?id=si%3Asaam_1929.6.73&size=thumb 2096ms
200 /api/shard-c?op=item&id=si%3Achndm_1923-22-11 0ms
200 /api/image?id=si%3Achndm_1923-22-33&size=thumb 533ms
200 /api/shard-c?op=item&id=si%3Achndm_1923-22-20 0ms
200 /api/image?id=si%3Achndm_1961-105-373&size=thumb 616ms
200 /api/image?id=si%3Achndm_1923-22-11&size=thumb 444ms
200 /api/image?id=si%3Achndm_1923-22-20&size=thumb 293ms
200 /api/shard-c?op=item&id=si%3Achndm_1923-22-9 0ms
200 /api/image?id=si%3Achndm_1923-22-9&size=thumb 325ms
200 /api/image?id=si%3Achndm_1923-22-2&size=thumb 3640ms
200 /api/image?id=si%3Achndm_1923-22-28&size=thumb 3661ms
200 /api/auth 0ms
200 /api/shard-b?op=status 1ms
200 /api/shard-a?op=status 1ms
200 /api/shard-d?op=status 1ms
200 /api/shard-c?op=status 1ms
200 /api/shard-e?op=status 1ms
200 /api/status 9ms
200 /api/auth 0ms
200 /api/shard-a?limit=250&pd=1&seed=146787&offset=0 3249ms
200 /api/shard-c?limit=250&pd=1&seed=146787&offset=0 688ms
200 /api/shard-d?limit=250&pd=1&seed=146787&offset=0 965ms
200 /api/shard-b?limit=250&pd=1&seed=146787&offset=0 692ms
200 /api/shard-e?limit=250&pd=1&seed=146787&offset=0 1448ms
200 /api/search?limit=250&pd=1&seed=146787 7061ms
200 /api/shard-b?op=status 1ms
200 /api/shard-c?op=status 0ms
200 /api/shard-d?op=status 0ms
200 /api/shard-e?op=status 0ms
200 /api/auth 0ms
200 /api/shard-a?limit=250&pd=1&seed=694456&offset=0 905ms
200 /api/shard-b?limit=250&pd=1&seed=694456&offset=0 320ms
200 /api/shard-c?limit=250&pd=1&seed=694456&offset=0 274ms
200 /api/shard-d?limit=250&pd=1&seed=694456&offset=0 316ms
200 /api/shard-b?limit=250&pd=1&seed=146787&offset=0 287ms
200 /api/shard-a?limit=250&pd=1&seed=146787&offset=0 869ms
200 /api/shard-c?limit=250&pd=1&seed=146787&offset=0 289ms
200 /api/shard-d?limit=250&pd=1&seed=146787&offset=0 318ms
200 /api/shard-e?limit=250&pd=1&seed=146787&offset=0 711ms
200 /api/shard-a?op=status 0ms
200 /api/search?limit=250&pd=1&seed=146787 4313ms
200 /api/status 4312ms
200 /api/shard-a?op=status 1ms
200 /api/auth 0ms
200 /api/shard-c?op=status 0ms
200 /api/shard-b?op=status 1ms
200 /api/shard-d?op=status 1ms
200 /api/shard-e?op=status 0ms
200 /api/status 4313ms
200 /api/shard-e?limit=250&pd=1&seed=694456&offset=0 767ms
200 /api/search?limit=250&pd=1&seed=694456 5083ms
200 /api/shard-a?limit=250&pd=1&seed=694456&offset=0 900ms
200 /api/shard-b?limit=250&pd=1&seed=694456&offset=0 283ms
200 /api/shard-c?limit=250&pd=1&seed=694456&offset=0 272ms
200 /api/shard-d?limit=250&pd=1&seed=694456&offset=0 313ms
200 /api/shard-e?limit=250&pd=1&seed=694456&offset=0 706ms
200 /api/search?limit=250&pd=1&seed=694456 5750ms
200 /api/shard-a?q=tulip+painting&limit=250&pd=1&seed=694456&offset=0 35ms
200 /api/shard-c?q=tulip+painting&limit=250&pd=1&seed=694456&offset=0 166ms
200 /api/shard-b?q=tulip+painting&limit=250&pd=1&seed=694456&offset=0 15ms
200 /api/shard-d?q=tulip+painting&limit=250&pd=1&seed=694456&offset=0 91ms
200 /api/shard-e?q=tulip+painting&limit=250&pd=1&seed=694456&offset=0 95ms
200 /api/search?q=tulip+painting&limit=250&pd=1&seed=694456 6155ms
200 /api/shard-a?op=status 0ms
200 /api/shard-c?op=status 0ms
200 /api/shard-b?op=status 0ms
200 /api/shard-d?op=status 0ms
200 /api/shard-e?op=status 0ms
200 /api/status 3ms
200 /api/shard-d?op=item&id=met%3A451865 1ms
200 /api/image?id=met%3A451865&size=orig 106ms
200 /api/auth 0ms
200 /api/auth 0ms
200 /api/shard-a?op=status 0ms
200 /api/shard-b?op=status 0ms
200 /api/shard-c?op=status 0ms
200 /api/shard-d?op=status 0ms
200 /api/shard-a?limit=250&pd=1&seed=211590&offset=0 1085ms
200 /api/shard-e?op=status 0ms
200 /api/status 1092ms
200 /api/shard-c?limit=250&pd=1&seed=211590&offset=0 319ms
200 /api/shard-b?limit=250&pd=1&seed=211590&offset=0 283ms
200 /api/shard-e?limit=250&pd=1&seed=211590&offset=0 731ms
200 /api/shard-d?limit=250&pd=1&seed=211590&offset=0 315ms
200 /api/shard-a?limit=250&pd=1&seed=211590&offset=0 890ms
200 /api/shard-b?limit=250&pd=1&seed=211590&offset=0 273ms
200 /api/shard-c?limit=250&pd=1&seed=211590&offset=0 273ms
200 /api/shard-d?limit=250&pd=1&seed=211590&offset=0 312ms
200 /api/shard-e?limit=250&pd=1&seed=211590&offset=0 721ms
200 /api/search?limit=250&pd=1&seed=211590 5225ms
200 /api/shard-a?op=status 0ms
200 /api/shard-b?op=status 0ms
200 /api/shard-c?op=status 1ms
200 /api/shard-d?op=status 0ms
200 /api/auth 0ms
200 /api/search?limit=250&pd=1&seed=211590 2482ms
200 /api/shard-a?op=status 0ms
200 /api/shard-b?op=status 0ms
200 /api/shard-c?op=status 0ms
200 /api/shard-a?limit=250&pd=1&seed=493282&offset=0 1229ms
200 /api/shard-b?limit=250&pd=1&seed=493282&offset=0 280ms
200 /api/shard-c?limit=250&pd=1&seed=493282&offset=0 275ms
200 /api/shard-d?limit=250&pd=1&seed=493282&offset=0 325ms
200 /api/shard-e?limit=250&pd=1&seed=493282&offset=0 699ms
200 /api/shard-a?limit=250&pd=1&seed=493282&offset=0 919ms
200 /api/shard-b?limit=250&pd=1&seed=493282&offset=0 290ms
200 /api/search?limit=250&pd=1&seed=493282 4027ms
200 /api/shard-a?q=tulip+painting&limit=250&pd=1&seed=493282&offset=0 38ms
200 /api/shard-b?q=tulip+painting&limit=250&pd=1&seed=493282&offset=0 16ms
200 /api/shard-c?q=tulip+painting&limit=250&pd=1&seed=493282&offset=0 167ms
200 /api/shard-e?op=status 0ms
200 /api/status 4985ms
200 /api/auth 0ms
200 /api/shard-e?op=status 0ms
200 /api/shard-d?op=status 0ms
200 /api/status 4254ms
200 /api/shard-c?limit=250&pd=1&seed=493282&offset=0 279ms
200 /api/shard-d?limit=250&pd=1&seed=493282&offset=0 330ms
200 /api/shard-e?limit=250&pd=1&seed=493282&offset=0 721ms
200 /api/shard-d?q=tulip+painting&limit=250&pd=1&seed=493282&offset=0 90ms
200 /api/search?limit=250&pd=1&seed=493282 3568ms
200 /api/shard-e?q=tulip+painting&limit=250&pd=1&seed=493282&offset=0 92ms
200 /api/search?q=tulip+painting&limit=250&pd=1&seed=493282 1749ms
200 /api/shard-a?op=status 0ms
200 /api/shard-b?op=status 1ms
200 /api/shard-c?op=status 0ms
200 /api/shard-d?op=status 1ms
200 /api/shard-e?op=status 0ms
200 /api/status 3ms
200 /api/shard-d?op=item&id=met%3A451865 0ms
200 /api/image?id=met%3A451865&size=orig 79ms
200 /api/auth 1ms
200 /api/auth 0ms
200 /api/shard-a?limit=250&pd=1&seed=354869&offset=0 2130ms
200 /api/shard-b?limit=250&pd=1&seed=354869&offset=0 310ms
200 /api/shard-d?limit=250&pd=1&seed=354869&offset=0 352ms
200 /api/shard-c?limit=250&pd=1&seed=354869&offset=0 669ms
200 /api/shard-a?limit=250&pd=1&seed=354869&offset=0 950ms
200 /api/shard-b?limit=250&pd=1&seed=354869&offset=0 317ms
200 /api/shard-c?limit=250&pd=1&seed=354869&offset=0 318ms
200 /api/shard-d?limit=250&pd=1&seed=354869&offset=0 335ms
200 /api/auth 0ms
200 /api/shard-a?limit=250&pd=1&seed=977771&offset=0 898ms
200 /api/shard-b?limit=250&pd=1&seed=977771&offset=0 278ms
200 /api/shard-c?limit=250&pd=1&seed=977771&offset=0 287ms
200 /api/shard-d?limit=250&pd=1&seed=977771&offset=0 313ms
200 /api/shard-a?op=status 0ms
200 /api/shard-b?op=status 0ms
200 /api/shard-e?limit=250&pd=1&seed=354869&offset=0 1436ms
200 /api/search?limit=250&pd=1&seed=354869 8637ms
200 /api/shard-c?op=status 0ms
200 /api/shard-e?op=status 0ms
200 /api/shard-d?op=status 0ms
200 /api/status 8637ms
200 /api/shard-e?limit=250&pd=1&seed=354869&offset=0 700ms
200 /api/search?limit=250&pd=1&seed=354869 5860ms
200 /api/auth 0ms
200 /api/shard-a?op=status 0ms
200 /api/shard-b?op=status 0ms
200 /api/shard-c?op=status 0ms
200 /api/shard-d?op=status 0ms
200 /api/shard-e?op=status 0ms
200 /api/shard-e?limit=250&pd=1&seed=977771&offset=0 715ms
200 /api/status 4649ms
200 /api/search?limit=250&pd=1&seed=977771 4651ms
200 /api/shard-a?limit=250&pd=1&seed=977771&offset=0 884ms
200 /api/shard-c?limit=250&pd=1&seed=977771&offset=0 272ms
200 /api/shard-b?limit=250&pd=1&seed=977771&offset=0 274ms
200 /api/shard-d?limit=250&pd=1&seed=977771&offset=0 313ms
200 /api/shard-e?limit=250&pd=1&seed=977771&offset=0 707ms
200 /api/search?limit=250&pd=1&seed=977771 5333ms
200 /api/shard-a?q=tulip+painting&limit=250&pd=1&seed=977771&offset=0 36ms
200 /api/shard-b?q=tulip+painting&limit=250&pd=1&seed=977771&offset=0 16ms
200 /api/shard-c?q=tulip+painting&limit=250&pd=1&seed=977771&offset=0 166ms
200 /api/shard-d?q=tulip+painting&limit=250&pd=1&seed=977771&offset=0 92ms
200 /api/shard-e?q=tulip+painting&limit=250&pd=1&seed=977771&offset=0 101ms
200 /api/search?q=tulip+painting&limit=250&pd=1&seed=977771 5748ms
200 /api/shard-a?op=status 0ms
200 /api/shard-b?op=status 0ms
200 /api/shard-c?op=status 0ms
200 /api/shard-e?op=status 0ms
200 /api/shard-d?op=status 0ms
200 /api/status 3ms
200 /api/shard-d?op=item&id=met%3A451865 1ms
200 /api/image?id=met%3A451865&size=orig 89ms
200 /api/auth 1ms
200 /api/auth 0ms
200 /api/shard-a?op=status 0ms
200 /api/shard-b?op=status 0ms
200 /api/shard-c?op=status 0ms
200 /api/shard-d?op=status 0ms
200 /api/shard-e?op=status 0ms
200 /api/status 4ms
200 /api/shard-a?limit=250&pd=1&seed=522361&offset=0 3245ms
200 /api/shard-b?limit=250&pd=1&seed=522361&offset=0 697ms
200 /api/shard-d?limit=250&pd=1&seed=522361&offset=0 928ms
200 /api/shard-c?limit=250&pd=1&seed=522361&offset=0 705ms
200 /api/shard-e?limit=250&pd=1&seed=522361&offset=0 1441ms
200 /api/search?limit=250&pd=1&seed=522361 7031ms
200 /api/shard-b?op=status 0ms
200 /api/shard-c?op=status 0ms
200 /api/shard-d?op=status 0ms
200 /api/shard-e?op=status 0ms
200 /api/auth 0ms
200 /api/shard-a?op=status 0ms
200 /api/shard-b?op=status 0ms
200 /api/shard-c?op=status 0ms
200 /api/shard-d?op=status 0ms
200 /api/shard-a?limit=250&pd=1&seed=522361&offset=0 1227ms
200 /api/shard-b?limit=250&pd=1&seed=522361&offset=0 286ms
200 /api/shard-d?limit=250&pd=1&seed=522361&offset=0 342ms
200 /api/shard-c?limit=250&pd=1&seed=522361&offset=0 279ms
200 /api/shard-a?op=status 0ms
200 /api/status 2149ms
200 /api/shard-e?limit=250&pd=1&seed=522361&offset=0 726ms
200 /api/search?limit=250&pd=1&seed=522361 2879ms
200 /api/auth 0ms
200 /api/shard-b?limit=250&pd=1&seed=72761&offset=0 291ms
200 /api/shard-a?limit=250&pd=1&seed=72761&offset=0 872ms
200 /api/shard-d?limit=250&pd=1&seed=72761&offset=0 323ms
200 /api/shard-c?limit=250&pd=1&seed=72761&offset=0 287ms
200 /api/shard-e?op=status 0ms
200 /api/status 4660ms
200 /api/shard-e?limit=250&pd=1&seed=72761&offset=0 729ms
200 /api/search?limit=250&pd=1&seed=72761 5392ms
200 /api/shard-b?limit=250&pd=1&seed=72761&offset=0 283ms
200 /api/shard-a?limit=250&pd=1&seed=72761&offset=0 890ms
200 /api/shard-d?limit=250&pd=1&seed=72761&offset=0 331ms
200 /api/shard-c?limit=250&pd=1&seed=72761&offset=0 301ms
200 /api/shard-a?q=tulip+painting&limit=250&pd=1&seed=72761&offset=0 41ms
200 /api/shard-e?limit=250&pd=1&seed=72761&offset=0 747ms
200 /api/search?limit=250&pd=1&seed=72761 7995ms
200 /api/shard-c?q=tulip+painting&limit=250&pd=1&seed=72761&offset=0 167ms
200 /api/shard-b?q=tulip+painting&limit=250&pd=1&seed=72761&offset=0 16ms
200 /api/shard-e?q=tulip+painting&limit=250&pd=1&seed=72761&offset=0 127ms
200 /api/shard-d?q=tulip+painting&limit=250&pd=1&seed=72761&offset=0 96ms
200 /api/search?q=tulip+painting&limit=250&pd=1&seed=72761 8407ms
200 /api/shard-a?op=status 0ms
200 /api/shard-c?op=status 0ms
200 /api/shard-d?op=status 0ms
200 /api/shard-e?op=status 1ms
200 /api/shard-b?op=status 0ms
200 /api/status 4ms
200 /api/shard-d?op=item&id=met%3A451865 1ms
200 /api/image?id=met%3A451865&size=orig 78ms
200 /api/auth 0ms
200 /api/auth 0ms
200 /api/shard-a?op=status 2ms
200 /api/shard-b?op=status 1ms
200 /api/shard-d?op=status 1ms
200 /api/shard-e?op=status 1ms
200 /api/shard-c?op=status 1ms
200 /api/status 11ms
200 /api/shard-a?limit=250&pd=1&seed=438777&offset=0 3359ms
200 /api/shard-b?limit=250&pd=1&seed=438777&offset=0 714ms
200 /api/shard-c?limit=250&pd=1&seed=438777&offset=0 704ms
200 /api/shard-e?limit=250&pd=1&seed=438777&offset=0 1482ms
200 /api/shard-d?limit=250&pd=1&seed=438777&offset=0 994ms
200 /api/search?limit=250&pd=1&seed=438777 7277ms
200 /api/shard-b?op=status 0ms
200 /api/shard-c?op=status 0ms
200 /api/shard-d?op=status 1ms
200 /api/auth 0ms
200 /api/shard-a?op=status 0ms
200 /api/shard-a?limit=250&pd=1&seed=173606&offset=0 991ms
200 /api/shard-b?limit=250&pd=1&seed=173606&offset=0 348ms
200 /api/shard-c?limit=250&pd=1&seed=173606&offset=0 328ms
200 /api/shard-a?q=tulip+painting&limit=250&pd=1&seed=173606&offset=0 45ms
200 /api/shard-b?limit=250&pd=1&seed=438777&offset=0 312ms
200 /api/shard-a?limit=250&pd=1&seed=438777&offset=0 960ms
200 /api/shard-c?limit=250&pd=1&seed=438777&offset=0 304ms
200 /api/shard-d?limit=250&pd=1&seed=438777&offset=0 348ms
200 /api/shard-e?limit=250&pd=1&seed=438777&offset=0 775ms
200 /api/search?limit=250&pd=1&seed=438777 4437ms
200 /api/shard-a?op=status 0ms
200 /api/shard-e?op=status 0ms
200 /api/status 4433ms
200 /api/auth 0ms
200 /api/shard-b?op=status 0ms
200 /api/shard-c?op=status 1ms
200 /api/shard-d?op=status 0ms
200 /api/shard-e?op=status 0ms
200 /api/status 4435ms
200 /api/shard-e?limit=250&pd=1&seed=173606&offset=0 769ms
200 /api/shard-d?limit=250&pd=1&seed=173606&offset=0 351ms
200 /api/shard-a?limit=250&pd=1&seed=173606&offset=0 956ms
200 /api/search?limit=250&pd=1&seed=173606 6518ms
200 /api/shard-b?limit=250&pd=1&seed=173606&offset=0 360ms
200 /api/shard-d?limit=250&pd=1&seed=173606&offset=0 343ms
200 /api/shard-c?limit=250&pd=1&seed=173606&offset=0 296ms
200 /api/shard-e?limit=250&pd=1&seed=173606&offset=0 836ms
200 /api/search?limit=250&pd=1&seed=173606 6693ms
200 /api/shard-b?q=tulip+painting&limit=250&pd=1&seed=173606&offset=0 15ms
200 /api/shard-c?q=tulip+painting&limit=250&pd=1&seed=173606&offset=0 177ms
200 /api/shard-e?q=tulip+painting&limit=250&pd=1&seed=173606&offset=0 102ms
200 /api/shard-d?q=tulip+painting&limit=250&pd=1&seed=173606&offset=0 96ms
200 /api/search?q=tulip+painting&limit=250&pd=1&seed=173606 7088ms
200 /api/shard-a?op=status 1ms
200 /api/shard-b?op=status 0ms
200 /api/shard-d?op=status 0ms
200 /api/shard-e?op=status 0ms
200 /api/shard-c?op=status 0ms
200 /api/status 3ms
200 /api/shard-d?op=item&id=met%3A451865 1ms
200 /api/image?id=met%3A451865&size=orig 79ms
200 /api/auth 1ms
200 /api/auth 0ms
200 /api/shard-a?op=status 2ms
200 /api/shard-b?op=status 1ms
200 /api/shard-d?op=status 0ms
200 /api/shard-c?op=status 1ms
200 /api/shard-e?op=status 0ms
200 /api/status 6ms
200 /api/shard-a?limit=250&pd=1&seed=276260&offset=0 2851ms
200 /api/shard-c?limit=250&pd=1&seed=276260&offset=0 325ms
200 /api/shard-b?limit=250&pd=1&seed=276260&offset=0 726ms
200 /api/shard-e?limit=250&pd=1&seed=276260&offset=0 835ms
200 /api/shard-d?limit=250&pd=1&seed=276260&offset=0 742ms
200 /api/search?limit=250&pd=1&seed=276260 5496ms
200 /api/shard-e?limit=250&pd=1&seed=276260&offset=0 792ms
200 /api/shard-a?op=status 1ms
200 /api/shard-b?op=status 0ms
200 /api/shard-c?op=status 2ms
200 /api/shard-d?op=status 1ms
200 /api/auth 0ms
200 /api/shard-a?limit=250&pd=1&seed=476326&offset=0 898ms
200 /api/shard-b?limit=250&pd=1&seed=476326&offset=0 278ms
200 /api/shard-a?op=status 0ms
200 /api/shard-b?op=status 0ms
200 /api/shard-c?op=status 0ms
200 /api/shard-d?op=status 0ms
200 /api/shard-a?q=tulip+painting&limit=250&pd=1&seed=476326&offset=0 36ms
200 /api/shard-b?q=tulip+painting&limit=250&pd=1&seed=476326&offset=0 16ms
200 /api/shard-a?limit=250&pd=1&seed=276260&offset=0 874ms
200 /api/shard-b?limit=250&pd=1&seed=276260&offset=0 274ms
200 /api/shard-c?limit=250&pd=1&seed=276260&offset=0 298ms
200 /api/shard-d?limit=250&pd=1&seed=276260&offset=0 357ms
200 /api/shard-e?op=status 0ms
200 /api/search?limit=250&pd=1&seed=276260 3855ms
200 /api/status 3059ms
200 /api/auth 0ms
200 /api/shard-c?limit=250&pd=1&seed=476326&offset=0 295ms
200 /api/shard-d?limit=250&pd=1&seed=476326&offset=0 340ms
200 /api/shard-e?limit=250&pd=1&seed=476326&offset=0 767ms
200 /api/shard-e?op=status 1ms
200 /api/search?limit=250&pd=1&seed=476326 4458ms
200 /api/status 3280ms
200 /api/shard-a?limit=250&pd=1&seed=476326&offset=0 917ms
200 /api/shard-b?limit=250&pd=1&seed=476326&offset=0 275ms
200 /api/shard-c?limit=250&pd=1&seed=476326&offset=0 285ms
200 /api/shard-d?limit=250&pd=1&seed=476326&offset=0 325ms
200 /api/shard-e?limit=250&pd=1&seed=476326&offset=0 788ms
200 /api/search?limit=250&pd=1&seed=476326 5879ms
200 /api/shard-c?q=tulip+painting&limit=250&pd=1&seed=476326&offset=0 174ms
200 /api/shard-d?q=tulip+painting&limit=250&pd=1&seed=476326&offset=0 95ms
200 /api/shard-e?q=tulip+painting&limit=250&pd=1&seed=476326&offset=0 101ms
200 /api/search?q=tulip+painting&limit=250&pd=1&seed=476326 6257ms
200 /api/shard-a?op=status 1ms
200 /api/shard-b?op=status 0ms
200 /api/shard-c?op=status 0ms
200 /api/shard-d?op=status 0ms
200 /api/shard-e?op=status 0ms
200 /api/status 3ms
200 /api/shard-d?op=item&id=met%3A451865 2ms
200 /api/image?id=met%3A451865&size=orig 92ms
200 /api/auth 1ms
200 /api/auth 0ms
200 /api/shard-b?op=status 1ms
200 /api/shard-a?op=status 0ms
200 /api/shard-c?op=status 0ms
200 /api/shard-d?op=status 1ms
200 /api/shard-e?op=status 0ms
200 /api/status 5ms
200 /api/shard-b?limit=250&pd=1&seed=48390&offset=0 292ms
200 /api/shard-a?limit=250&pd=1&seed=48390&offset=0 902ms
200 /api/shard-d?limit=250&pd=1&seed=48390&offset=0 319ms
200 /api/shard-c?limit=250&pd=1&seed=48390&offset=0 274ms
200 /api/shard-e?limit=250&pd=1&seed=48390&offset=0 756ms
200 /api/search?limit=250&pd=1&seed=48390 2561ms
200 /api/shard-a?limit=250&pd=1&seed=48390&offset=0 888ms
200 /api/shard-b?limit=250&pd=1&seed=48390&offset=0 279ms
200 /api/shard-c?limit=250&pd=1&seed=48390&offset=0 271ms
200 /api/shard-d?limit=250&pd=1&seed=48390&offset=0 314ms
200 /api/shard-e?limit=250&pd=1&seed=48390&offset=0 703ms
200 /api/shard-a?op=status 0ms
200 /api/shard-b?op=status 0ms
200 /api/shard-c?op=status 0ms
200 /api/shard-d?op=status 1ms
200 /api/auth 0ms
200 /api/search?limit=250&pd=1&seed=48390 2467ms
200 /api/shard-a?op=status 0ms
200 /api/shard-b?op=status 0ms
200 /api/shard-c?op=status 0ms
200 /api/shard-d?op=status 0ms
200 /api/shard-a?limit=250&pd=1&seed=732393&offset=0 879ms
200 /api/shard-b?limit=250&pd=1&seed=732393&offset=0 345ms
200 /api/shard-c?limit=250&pd=1&seed=732393&offset=0 299ms
200 /api/shard-d?limit=250&pd=1&seed=732393&offset=0 325ms
200 /api/shard-e?limit=250&pd=1&seed=732393&offset=0 707ms
200 /api/search?limit=250&pd=1&seed=732393 2566ms
200 /api/shard-a?limit=250&pd=1&seed=732393&offset=0 869ms
200 /api/auth 0ms
200 /api/shard-e?op=status 1ms
200 /api/status 3446ms
200 /api/shard-e?op=status 0ms
200 /api/shard-c?limit=250&pd=1&seed=732393&offset=0 272ms
200 /api/status 3710ms
200 /api/shard-b?limit=250&pd=1&seed=732393&offset=0 282ms
200 /api/shard-e?limit=250&pd=1&seed=732393&offset=0 706ms
200 /api/shard-d?limit=250&pd=1&seed=732393&offset=0 311ms
200 /api/shard-a?op=status 0ms
200 /api/shard-b?op=status 0ms
200 /api/shard-c?op=status 0ms
200 /api/shard-d?op=status 0ms
200 /api/search?limit=250&pd=1&seed=732393 2460ms
200 /api/shard-e?op=status 0ms
200 /api/status 5ms
200 /api/auth 1ms
200 /api/auth 0ms
200 /api/shard-b?limit=250&pd=1&seed=160182&offset=0 298ms
200 /api/shard-a?limit=250&pd=1&seed=160182&offset=0 1644ms
200 /api/shard-c?limit=250&pd=1&seed=160182&offset=0 274ms
200 /api/shard-d?limit=250&pd=1&seed=160182&offset=0 349ms
200 /api/shard-a?op=status 0ms
200 /api/shard-e?limit=250&pd=1&seed=160182&offset=0 722ms
200 /api/search?limit=250&pd=1&seed=160182 3300ms
200 /api/shard-c?op=status 0ms
200 /api/shard-b?op=status 0ms
200 /api/shard-e?op=status 0ms
200 /api/shard-d?op=status 1ms
200 /api/status 3301ms
200 /api/shard-a?limit=250&pd=1&seed=160182&offset=0 870ms
200 /api/shard-b?limit=250&pd=1&seed=160182&offset=0 274ms
200 /api/shard-c?limit=250&pd=1&seed=160182&offset=0 275ms
200 /api/shard-d?limit=250&pd=1&seed=160182&offset=0 333ms
200 /api/auth 0ms
200 /api/shard-e?limit=250&pd=1&seed=160182&offset=0 761ms
200 /api/search?limit=250&pd=1&seed=160182 2520ms
200 /api/shard-a?op=status 0ms
200 /api/shard-b?op=status 0ms
200 /api/shard-c?op=status 0ms
200 /api/shard-d?op=status 0ms
200 /api/shard-e?op=status 0ms
200 /api/status 4ms
200 /api/shard-a?limit=250&pd=1&seed=926696&offset=0 940ms
200 /api/shard-b?limit=250&pd=1&seed=926696&offset=0 309ms
200 /api/shard-c?limit=250&pd=1&seed=926696&offset=0 285ms
200 /api/shard-d?limit=250&pd=1&seed=926696&offset=0 334ms
200 /api/shard-a?limit=250&pd=1&seed=926696&offset=0 924ms
200 /api/auth 0ms
200 /api/shard-a?op=status 0ms
200 /api/shard-b?op=status 0ms
200 /api/shard-c?op=status 1ms
200 /api/shard-d?op=status 0ms
200 /api/shard-e?op=status 0ms
200 /api/status 2ms
200 /api/shard-e?limit=250&pd=1&seed=926696&offset=0 754ms
200 /api/search?limit=250&pd=1&seed=926696 3559ms
200 /api/shard-b?limit=250&pd=1&seed=926696&offset=0 301ms
200 /api/shard-c?limit=250&pd=1&seed=926696&offset=0 292ms
200 /api/shard-d?limit=250&pd=1&seed=926696&offset=0 345ms
200 /api/shard-e?limit=250&pd=1&seed=926696&offset=0 917ms
200 /api/search?limit=250&pd=1&seed=926696 3552ms
200 /api/auth 1ms
200 /api/auth 0ms
200 /api/shard-a?op=status 5ms
200 /api/shard-b?op=status 0ms
200 /api/shard-c?op=status 1ms
200 /api/shard-e?op=status 0ms
200 /api/shard-d?op=status 0ms
200 /api/status 17ms
200 /api/shard-b?limit=250&pd=1&seed=877357&offset=0 723ms
200 /api/shard-a?limit=250&pd=1&seed=877357&offset=0 3431ms
200 /api/shard-c?limit=250&pd=1&seed=877357&offset=0 701ms
200 /api/shard-d?limit=250&pd=1&seed=877357&offset=0 1017ms
200 /api/shard-e?limit=250&pd=1&seed=877357&offset=0 1429ms
200 /api/search?limit=250&pd=1&seed=877357 7329ms
200 /api/shard-a?op=status 0ms
200 /api/shard-c?op=status 1ms
200 /api/shard-d?op=status 0ms
200 /api/shard-e?op=status 0ms
200 /api/auth 0ms
200 /api/shard-a?limit=250&pd=1&seed=628222&offset=0 860ms
200 /api/shard-b?limit=250&pd=1&seed=628222&offset=0 359ms
200 /api/shard-c?limit=250&pd=1&seed=628222&offset=0 270ms
200 /api/shard-d?limit=250&pd=1&seed=628222&offset=0 310ms
200 /api/shard-a?limit=250&pd=1&seed=877357&offset=0 854ms
200 /api/shard-b?limit=250&pd=1&seed=877357&offset=0 269ms
200 /api/shard-d?limit=250&pd=1&seed=877357&offset=0 308ms
200 /api/shard-c?limit=250&pd=1&seed=877357&offset=0 282ms
200 /api/shard-e?limit=250&pd=1&seed=877357&offset=0 770ms
200 /api/shard-b?op=status 0ms
200 /api/search?limit=250&pd=1&seed=877357 4304ms
200 /api/status 4305ms
200 /api/shard-a?op=status 0ms
200 /api/shard-b?op=status 0ms
200 /api/auth 0ms
200 /api/shard-d?op=status 1ms
200 /api/shard-c?op=status 0ms
200 /api/shard-e?op=status 0ms
200 /api/status 4304ms
200 /api/shard-e?limit=250&pd=1&seed=628222&offset=0 714ms
200 /api/search?limit=250&pd=1&seed=628222 5021ms
200 /api/shard-a?limit=250&pd=1&seed=628222&offset=0 913ms
200 /api/shard-b?limit=250&pd=1&seed=628222&offset=0 267ms
200 /api/shard-c?limit=250&pd=1&seed=628222&offset=0 278ms
200 /api/shard-d?limit=250&pd=1&seed=628222&offset=0 314ms
200 /api/shard-e?limit=250&pd=1&seed=628222&offset=0 675ms
200 /api/search?limit=250&pd=1&seed=628222 5675ms
200 /api/shard-a?q=tulip+painting&limit=250&pd=1&seed=628222&offset=0 36ms
200 /api/shard-c?q=tulip+painting&limit=250&pd=1&seed=628222&offset=0 185ms
200 /api/shard-b?q=tulip+painting&limit=250&pd=1&seed=628222&offset=0 18ms
200 /api/shard-d?q=tulip+painting&limit=250&pd=1&seed=628222&offset=0 97ms
200 /api/shard-e?q=tulip+painting&limit=250&pd=1&seed=628222&offset=0 131ms
200 /api/search?q=tulip+painting&limit=250&pd=1&seed=628222 6145ms
200 /api/shard-a?op=status 1ms
200 /api/shard-b?op=status 0ms
200 /api/shard-d?op=status 0ms
200 /api/shard-e?op=status 0ms
200 /api/shard-c?op=status 0ms
200 /api/status 6ms
200 /api/shard-d?op=item&id=met%3A451865 1ms
200 /api/image?id=met%3A451865&size=orig 75ms
200 /api/auth 1ms
200 /api/auth 0ms
200 /api/shard-b?op=status 0ms
200 /api/shard-a?op=status 0ms
200 /api/shard-d?op=status 1ms
200 /api/shard-c?op=status 0ms
200 /api/shard-a?limit=250&pd=1&seed=493190&offset=0 1902ms
200 /api/shard-b?limit=250&pd=1&seed=493190&offset=0 724ms
200 /api/shard-e?op=status 1ms
200 /api/status 2634ms
200 /api/shard-d?limit=250&pd=1&seed=493190&offset=0 685ms
200 /api/shard-c?limit=250&pd=1&seed=493190&offset=0 488ms
200 /api/shard-e?limit=250&pd=1&seed=493190&offset=0 1440ms
200 /api/search?limit=250&pd=1&seed=493190 5257ms
200 /api/shard-e?limit=250&pd=1&seed=493190&offset=0 753ms
200 /api/auth 0ms
200 /api/shard-c?op=status 1ms
200 /api/shard-d?op=status 0ms
200 /api/shard-e?op=status 0ms
200 /api/shard-a?limit=250&pd=1&seed=449365&offset=0 931ms
200 /api/auth 0ms
200 /api/shard-a?op=status 0ms
200 /api/shard-b?op=status 0ms
200 /api/shard-c?op=status 1ms
200 /api/shard-d?op=status 0ms
200 /api/shard-a?limit=250&pd=1&seed=493190&offset=0 965ms
200 /api/shard-d?limit=250&pd=1&seed=493190&offset=0 355ms
200 /api/shard-b?limit=250&pd=1&seed=493190&offset=0 311ms
200 /api/shard-c?limit=250&pd=1&seed=493190&offset=0 297ms
200 /api/search?limit=250&pd=1&seed=493190 3631ms
200 /api/shard-a?op=status 0ms
200 /api/shard-b?op=status 0ms
200 /api/status 2874ms
200 /api/shard-c?limit=250&pd=1&seed=449365&offset=0 288ms
200 /api/shard-b?limit=250&pd=1&seed=449365&offset=0 284ms
200 /api/shard-d?limit=250&pd=1&seed=449365&offset=0 323ms
200 /api/shard-e?limit=250&pd=1&seed=449365&offset=0 711ms
200 /api/shard-a?limit=250&pd=1&seed=449365&offset=0 904ms
200 /api/search?limit=250&pd=1&seed=449365 5389ms
200 /api/shard-b?limit=250&pd=1&seed=449365&offset=0 279ms
200 /api/shard-c?limit=250&pd=1&seed=449365&offset=0 279ms
200 /api/shard-d?limit=250&pd=1&seed=449365&offset=0 320ms
200 /api/shard-e?limit=250&pd=1&seed=449365&offset=0 703ms
200 /api/search?limit=250&pd=1&seed=449365 6047ms
200 /api/auth 0ms
200 /api/shard-e?op=status 0ms
200 /api/status 6045ms
200 /api/auth 1ms
200 /api/auth 0ms
200 /api/shard-a?op=status 2ms
200 /api/shard-c?op=status 1ms
200 /api/shard-b?op=status 1ms
200 /api/shard-d?op=status 1ms
200 /api/shard-e?op=status 1ms
200 /api/status 10ms
200 /api/shard-a?limit=250&pd=1&seed=130555&offset=0 3313ms
200 /api/shard-c?limit=250&pd=1&seed=130555&offset=0 719ms
200 /api/shard-b?limit=250&pd=1&seed=130555&offset=0 648ms
200 /api/shard-d?limit=250&pd=1&seed=130555&offset=0 920ms
200 /api/shard-e?limit=250&pd=1&seed=130555&offset=0 1400ms
200 /api/search?limit=250&pd=1&seed=130555 7022ms
200 /api/shard-a?op=status 0ms
200 /api/shard-b?op=status 0ms
200 /api/shard-c?op=status 1ms
200 /api/shard-d?op=status 0ms
200 /api/shard-e?op=status 0ms
200 /api/status 3ms
200 /api/auth 0ms
200 /api/shard-a?limit=250&pd=1&seed=884405&offset=0 867ms
200 /api/shard-b?limit=250&pd=1&seed=884405&offset=0 281ms
200 /api/shard-c?limit=250&pd=1&seed=884405&offset=0 288ms
200 /api/shard-d?limit=250&pd=1&seed=884405&offset=0 313ms
200 /api/shard-e?limit=250&pd=1&seed=884405&offset=0 687ms
200 /api/shard-a?limit=250&pd=1&seed=130555&offset=0 904ms
200 /api/search?limit=250&pd=1&seed=884405 3351ms
200 /api/shard-c?limit=250&pd=1&seed=130555&offset=0 314ms
200 /api/shard-b?limit=250&pd=1&seed=130555&offset=0 328ms
200 /api/shard-e?limit=250&pd=1&seed=130555&offset=0 1095ms
200 /api/shard-d?limit=250&pd=1&seed=130555&offset=0 404ms
200 /api/shard-a?op=status 1ms
200 /api/shard-c?op=status 0ms
200 /api/search?limit=250&pd=1&seed=130555 5506ms
200 /api/shard-b?op=status 0ms
200 /api/shard-e?op=status 0ms
200 /api/shard-d?op=status 0ms
200 /api/status 5506ms
200 /api/auth 0ms
200 /api/shard-a?limit=250&pd=1&seed=884405&offset=0 1001ms
200 /api/shard-b?limit=250&pd=1&seed=884405&offset=0 303ms
200 /api/shard-c?limit=250&pd=1&seed=884405&offset=0 285ms
200 /api/shard-d?limit=250&pd=1&seed=884405&offset=0 319ms
200 /api/shard-e?limit=250&pd=1&seed=884405&offset=0 825ms
200 /api/search?limit=250&pd=1&seed=884405 6498ms
200 /api/shard-d?op=status 0ms
200 /api/shard-e?op=status 0ms
200 /api/shard-b?op=status 1ms
200 /api/shard-c?op=status 0ms
200 /api/shard-a?op=status 0ms
200 /api/status 3ms
200 /api/auth 0ms
200 /api/shard-b?op=status 1ms
200 /api/shard-a?op=status 1ms
200 /api/shard-c?op=status 0ms
200 /api/shard-e?op=status 0ms
200 /api/shard-a?limit=250&pd=1&seed=976435&offset=0 905ms
200 /api/shard-d?op=status 1ms
200 /api/status 917ms
200 /api/shard-b?limit=250&pd=1&seed=976435&offset=0 299ms
200 /api/shard-d?limit=250&pd=1&seed=976435&offset=0 320ms
200 /api/auth 0ms
200 /api/shard-e?limit=250&pd=1&seed=976435&offset=0 717ms
200 /api/shard-c?limit=250&pd=1&seed=976435&offset=0 313ms
200 /api/shard-a?limit=250&pd=1&seed=976435&offset=0 913ms
200 /api/shard-b?limit=250&pd=1&seed=976435&offset=0 271ms
200 /api/shard-c?limit=250&pd=1&seed=976435&offset=0 270ms
200 /api/shard-d?limit=250&pd=1&seed=976435&offset=0 320ms
200 /api/shard-e?limit=250&pd=1&seed=976435&offset=0 710ms
200 /api/search?limit=250&pd=1&seed=976435 5059ms
200 /api/shard-a?op=status 0ms
200 /api/shard-b?op=status 0ms
200 /api/shard-c?op=status 0ms
200 /api/shard-d?op=status 0ms
200 /api/auth 0ms
200 /api/search?limit=250&pd=1&seed=976435 2495ms
200 /api/shard-a?op=status 0ms
200 /api/shard-b?op=status 0ms
200 /api/shard-c?op=status 0ms
200 /api/shard-a?limit=250&pd=1&seed=97838&offset=0 1000ms
200 /api/shard-b?limit=250&pd=1&seed=97838&offset=0 303ms
200 /api/shard-c?limit=250&pd=1&seed=97838&offset=0 314ms
200 /api/shard-d?limit=250&pd=1&seed=97838&offset=0 380ms
200 /api/shard-e?limit=250&pd=1&seed=97838&offset=0 763ms
200 /api/search?limit=250&pd=1&seed=97838 2770ms
200 /api/shard-a?limit=250&pd=1&seed=97838&offset=0 951ms
200 /api/shard-b?limit=250&pd=1&seed=97838&offset=0 291ms
200 /api/shard-e?op=status 0ms
200 /api/status 4738ms
200 /api/auth 0ms
200 /api/shard-d?op=status 1ms
200 /api/shard-e?op=status 0ms
200 /api/status 4017ms
200 /api/shard-c?limit=250&pd=1&seed=97838&offset=0 322ms
200 /api/shard-d?limit=250&pd=1&seed=97838&offset=0 375ms
200 /api/shard-e?limit=250&pd=1&seed=97838&offset=0 792ms
200 /api/search?limit=250&pd=1&seed=97838 2750ms
200 /api/shard-a?op=status 1ms
200 /api/shard-b?op=status 0ms
200 /api/shard-c?op=status 1ms
200 /api/shard-d?op=status 0ms
200 /api/shard-e?op=status 0ms
200 /api/status 3ms
200 /api/auth 1ms
200 /api/auth 0ms
200 /api/shard-a?op=status 1ms
200 /api/shard-c?op=status 1ms
200 /api/shard-b?op=status 0ms
200 /api/shard-e?op=status 0ms
200 /api/shard-d?op=status 0ms
200 /api/status 7ms
200 /api/shard-b?limit=250&pd=1&seed=921561&offset=0 691ms
200 /api/shard-c?limit=250&pd=1&seed=921561&offset=0 297ms
200 /api/shard-a?limit=250&pd=1&seed=921561&offset=0 3621ms
200 /api/shard-e?limit=250&pd=1&seed=921561&offset=0 976ms
200 /api/shard-d?limit=250&pd=1&seed=921561&offset=0 960ms
200 /api/search?limit=250&pd=1&seed=921561 6563ms
200 /api/shard-a?op=status 1ms
200 /api/shard-c?op=status 0ms
200 /api/shard-d?op=status 0ms
200 /api/shard-e?op=status 0ms
200 /api/auth 0ms
200 /api/shard-a?limit=250&pd=1&seed=984828&offset=0 1014ms
200 /api/shard-b?limit=250&pd=1&seed=984828&offset=0 375ms
200 /api/shard-c?limit=250&pd=1&seed=984828&offset=0 311ms
200 /api/shard-d?limit=250&pd=1&seed=984828&offset=0 354ms
200 /api/shard-a?limit=250&pd=1&seed=921561&offset=0 1007ms
200 /api/shard-b?limit=250&pd=1&seed=921561&offset=0 300ms
200 /api/shard-d?limit=250&pd=1&seed=921561&offset=0 349ms
200 /api/shard-c?limit=250&pd=1&seed=921561&offset=0 319ms
200 /api/shard-b?op=status 0ms
200 /api/status 4052ms
200 /api/shard-e?limit=250&pd=1&seed=921561&offset=0 788ms
200 /api/search?limit=250&pd=1&seed=921561 4843ms
200 /api/auth 0ms
200 /api/shard-a?op=status 0ms
200 /api/shard-b?op=status 0ms
200 /api/shard-c?op=status 1ms
200 /api/shard-e?op=status 0ms
200 /api/shard-d?op=status 0ms
200 /api/status 4842ms
200 /api/shard-e?limit=250&pd=1&seed=984828&offset=0 773ms
200 /api/search?limit=250&pd=1&seed=984828 5614ms
200 /api/shard-a?limit=250&pd=1&seed=984828&offset=0 981ms
200 /api/shard-b?limit=250&pd=1&seed=984828&offset=0 287ms
200 /api/shard-c?limit=250&pd=1&seed=984828&offset=0 313ms
200 /api/shard-d?limit=250&pd=1&seed=984828&offset=0 324ms
200 /api/shard-e?limit=250&pd=1&seed=984828&offset=0 749ms
200 /api/search?limit=250&pd=1&seed=984828 6223ms
200 /api/shard-b?op=status 0ms
200 /api/shard-a?op=status 1ms
200 /api/shard-e?op=status 0ms
200 /api/shard-d?op=status 0ms
200 /api/shard-c?op=status 0ms
200 /api/status 3ms
200 /api/auth 1ms
200 /api/auth 1ms
200 /api/shard-a?op=status 2ms
200 /api/shard-b?op=status 0ms
200 /api/shard-d?op=status 1ms
200 /api/shard-c?op=status 1ms
200 /api/shard-e?op=status 0ms
200 /api/status 7ms
200 /api/shard-a?limit=250&pd=1&seed=899070&offset=0 1414ms
200 /api/shard-b?limit=250&pd=1&seed=899070&offset=0 308ms
200 /api/shard-c?limit=250&pd=1&seed=899070&offset=0 296ms
200 /api/shard-e?limit=250&pd=1&seed=899070&offset=0 803ms
200 /api/shard-d?limit=250&pd=1&seed=899070&offset=0 362ms
200 /api/search?limit=250&pd=1&seed=899070 3200ms
200 /api/shard-e?limit=250&pd=1&seed=899070&offset=0 724ms
200 /api/shard-a?op=status 0ms
200 /api/shard-b?op=status 0ms
200 /api/shard-c?op=status 0ms
200 /api/shard-d?op=status 0ms
200 /api/auth 0ms
200 /api/shard-a?op=status 0ms
200 /api/shard-b?op=status 0ms
200 /api/shard-a?limit=250&pd=1&seed=15928&offset=0 901ms
200 /api/shard-b?limit=250&pd=1&seed=15928&offset=0 283ms
200 /api/shard-c?limit=250&pd=1&seed=15928&offset=0 291ms
200 /api/shard-d?limit=250&pd=1&seed=15928&offset=0 325ms
200 /api/auth 0ms
200 /api/shard-a?op=status 0ms
200 /api/shard-b?op=status 0ms
200 /api/shard-c?op=status 0ms
200 /api/shard-d?op=status 0ms
200 /api/shard-e?op=status 0ms
200 /api/shard-d?limit=250&pd=1&seed=899070&offset=0 275ms
200 /api/status 278ms
200 /api/shard-c?limit=250&pd=1&seed=899070&offset=0 282ms
200 /api/shard-a?limit=250&pd=1&seed=899070&offset=0 1005ms
200 /api/shard-b?limit=250&pd=1&seed=899070&offset=0 307ms
200 /api/search?limit=250&pd=1&seed=899070 4422ms
200 /api/shard-e?op=status 0ms
200 /api/status 3693ms
200 /api/shard-c?op=status 1ms
200 /api/shard-d?op=status 0ms
200 /api/shard-e?op=status 0ms
200 /api/status 3692ms
200 /api/shard-e?limit=250&pd=1&seed=15928&offset=0 732ms
200 /api/search?limit=250&pd=1&seed=15928 4426ms
200 /api/shard-a?limit=250&pd=1&seed=15928&offset=0 901ms
200 /api/shard-b?limit=250&pd=1&seed=15928&offset=0 280ms
200 /api/shard-c?limit=250&pd=1&seed=15928&offset=0 282ms
200 /api/shard-d?limit=250&pd=1&seed=15928&offset=0 326ms
200 /api/shard-e?limit=250&pd=1&seed=15928&offset=0 739ms
200 /api/search?limit=250&pd=1&seed=15928 5161ms
200 /api/auth 0ms
200 /api/shard-a?op=status 0ms
200 /api/shard-b?op=status 0ms
200 /api/shard-c?op=status 1ms
200 /api/shard-d?op=status 0ms
200 /api/shard-e?op=status 0ms
200 /api/status 2ms
200 /api/auth 5ms
200 /api/auth 0ms
200 /api/shard-b?op=status 5ms
200 /api/shard-a?op=status 1ms
200 /api/shard-c?op=status 1ms
200 /api/shard-d?op=status 2ms
200 /api/shard-e?op=status 3ms
200 /api/shard-a?limit=250&pd=1&seed=765537&offset=0 3520ms
200 /api/status 3555ms
200 /api/shard-b?limit=250&pd=1&seed=765537&offset=0 720ms
200 /api/shard-c?limit=250&pd=1&seed=765537&offset=0 711ms
200 /api/shard-d?limit=250&pd=1&seed=765537&offset=0 971ms
200 /api/shard-e?limit=250&pd=1&seed=765537&offset=0 1414ms
200 /api/search?limit=250&pd=1&seed=765537 7410ms
200 /api/shard-a?limit=250&pd=1&seed=765537&offset=0 888ms
200 /api/shard-c?limit=250&pd=1&seed=765537&offset=0 268ms
200 /api/shard-b?limit=250&pd=1&seed=765537&offset=0 285ms
200 /api/shard-e?limit=250&pd=1&seed=765537&offset=0 692ms
200 /api/shard-d?limit=250&pd=1&seed=765537&offset=0 307ms
200 /api/auth 0ms
200 /api/search?limit=250&pd=1&seed=765537 9861ms
200 /api/shard-c?limit=250&pd=1&seed=612190&offset=0 288ms
200 /api/shard-d?limit=250&pd=1&seed=612190&offset=0 343ms
200 /api/shard-e?limit=250&pd=1&seed=612190&offset=0 730ms
200 /api/auth 0ms
200 /api/shard-b?op=status 0ms
200 /api/shard-a?op=status 0ms
200 /api/shard-c?op=status 0ms
200 /api/shard-e?op=status 0ms
200 /api/shard-d?op=status 0ms
200 /api/status 1377ms
200 /api/shard-b?limit=250&pd=1&seed=612190&offset=0 273ms
200 /api/shard-a?limit=250&pd=1&seed=612190&offset=0 842ms
200 /api/search?limit=250&pd=1&seed=612190 2493ms
200 /api/auth 0ms
200 /api/auth 0ms
200 /api/shard-a?op=status 0ms
200 /api/shard-b?op=status 1ms
200 /api/shard-c?op=status 0ms
200 /api/shard-e?op=status 1ms
200 /api/shard-d?op=status 0ms
200 /api/status 6ms
200 /api/shard-b?limit=250&pd=1&seed=933250&offset=0 275ms
200 /api/shard-a?limit=250&pd=1&seed=933250&offset=0 865ms
200 /api/shard-d?limit=250&pd=1&seed=933250&offset=0 322ms
200 /api/shard-c?limit=250&pd=1&seed=933250&offset=0 280ms
200 /api/shard-e?limit=250&pd=1&seed=933250&offset=0 680ms
200 /api/search?limit=250&pd=1&seed=933250 2438ms
200 /api/shard-a?limit=250&pd=1&seed=933250&offset=0 1052ms
200 /api/shard-b?limit=250&pd=1&seed=933250&offset=0 272ms
200 /api/shard-c?limit=250&pd=1&seed=933250&offset=0 272ms
200 /api/shard-d?limit=250&pd=1&seed=933250&offset=0 308ms
200 /api/shard-e?limit=250&pd=1&seed=933250&offset=0 667ms
200 /api/shard-a?op=status 0ms
200 /api/shard-b?op=status 0ms
200 /api/shard-c?op=status 0ms
200 /api/shard-d?op=status 0ms
200 /api/auth 0ms
200 /api/search?limit=250&pd=1&seed=933250 2583ms
200 /api/shard-a?op=status 0ms
200 /api/shard-b?op=status 1ms
200 /api/shard-c?op=status 0ms
200 /api/shard-d?op=status 0ms
200 /api/shard-a?limit=250&pd=1&seed=947665&offset=0 926ms
200 /api/shard-b?limit=250&pd=1&seed=947665&offset=0 279ms
200 /api/shard-c?limit=250&pd=1&seed=947665&offset=0 291ms
200 /api/shard-d?limit=250&pd=1&seed=947665&offset=0 418ms
200 /api/shard-e?limit=250&pd=1&seed=947665&offset=0 739ms
200 /api/shard-a?limit=250&pd=1&seed=947665&offset=0 864ms
200 /api/shard-e?op=status 0ms
200 /api/search?limit=250&pd=1&seed=947665 3528ms
200 /api/status 3538ms
200 /api/auth 0ms
200 /api/shard-e?op=status 0ms
200 /api/status 3531ms
200 /api/shard-c?limit=250&pd=1&seed=947665&offset=0 265ms
200 /api/shard-b?limit=250&pd=1&seed=947665&offset=0 273ms
200 /api/shard-d?limit=250&pd=1&seed=947665&offset=0 326ms
200 /api/shard-e?limit=250&pd=1&seed=947665&offset=0 679ms
200 /api/search?limit=250&pd=1&seed=947665 3164ms
200 /api/auth 0ms
200 /api/auth 0ms
200 /api/shard-b?op=status 1ms
200 /api/shard-a?op=status 1ms
200 /api/shard-c?op=status 1ms
200 /api/shard-d?op=status 1ms
200 /api/shard-a?limit=250&pd=1&seed=956750&offset=0 3452ms
200 /api/shard-e?op=status 1ms
200 /api/status 3463ms
200 /api/shard-c?limit=250&pd=1&seed=956750&offset=0 764ms
200 /api/shard-b?limit=250&pd=1&seed=956750&offset=0 771ms
200 /api/shard-d?limit=250&pd=1&seed=956750&offset=0 998ms
200 /api/shard-e?limit=250&pd=1&seed=956750&offset=0 1541ms
200 /api/search?limit=250&pd=1&seed=956750 7549ms
200 /api/auth 0ms
200 /api/shard-b?limit=250&pd=1&seed=935509&offset=0 299ms
200 /api/shard-c?limit=250&pd=1&seed=935509&offset=0 303ms
200 /api/shard-d?limit=250&pd=1&seed=935509&offset=0 593ms
200 /api/shard-e?limit=250&pd=1&seed=935509&offset=0 4648ms
200 /api/shard-a?op=status 1ms
200 /api/shard-b?op=status 1ms
200 /api/shard-c?op=status 1ms
200 /api/shard-d?op=status 1ms
200 /api/auth 0ms
200 /api/shard-b?limit=250&pd=1&seed=956750&offset=0 785ms
200 /api/shard-a?limit=250&pd=1&seed=956750&offset=0 3778ms
200 /api/shard-c?limit=250&pd=1&seed=956750&offset=0 767ms
200 /api/shard-e?limit=250&pd=1&seed=956750&offset=0 1158ms
200 /api/shard-d?limit=250&pd=1&seed=956750&offset=0 932ms
200 /api/shard-a?limit=250&pd=1&seed=935509&offset=0 880ms
200 /api/search?limit=250&pd=1&seed=956750 14190ms
200 /api/search?limit=250&pd=1&seed=935509 14188ms
200 /api/shard-a?op=status 0ms
200 /api/shard-b?op=status 0ms
200 /api/shard-d?op=status 0ms
200 /api/shard-c?op=status 0ms
200 /api/shard-e?op=status 0ms
200 /api/status 8337ms
200 /api/shard-b?limit=250&pd=1&seed=935509&offset=0 373ms
200 /api/shard-a?limit=250&pd=1&seed=935509&offset=0 917ms
200 /api/shard-d?limit=250&pd=1&seed=935509&offset=0 327ms
200 /api/shard-c?limit=250&pd=1&seed=935509&offset=0 268ms
200 /api/shard-e?op=status 0ms
200 /api/shard-e?limit=250&pd=1&seed=935509&offset=0 730ms
200 /api/status 10953ms
200 /api/search?limit=250&pd=1&seed=935509 10955ms
200 /api/auth 0ms
200 /api/shard-a?op=status 1ms
200 /api/shard-b?op=status 0ms
200 /api/shard-c?op=status 0ms
200 /api/shard-e?op=status 0ms
200 /api/shard-d?op=status 0ms
200 /api/status 5ms
200 /api/auth 0ms
200 /api/shard-a?limit=250&pd=1&seed=92673&offset=0 900ms
200 /api/shard-c?limit=250&pd=1&seed=92673&offset=0 306ms
200 /api/shard-b?limit=250&pd=1&seed=92673&offset=0 396ms
200 /api/shard-d?limit=250&pd=1&seed=92673&offset=0 346ms
200 /api/shard-e?limit=250&pd=1&seed=92673&offset=0 761ms
200 /api/search?limit=250&pd=1&seed=92673 2724ms
200 /api/shard-a?limit=250&pd=1&seed=92673&offset=0 978ms
200 /api/shard-b?limit=250&pd=1&seed=92673&offset=0 285ms
200 /api/shard-c?limit=250&pd=1&seed=92673&offset=0 306ms
200 /api/shard-d?limit=250&pd=1&seed=92673&offset=0 415ms
200 /api/shard-e?limit=250&pd=1&seed=92673&offset=0 730ms
200 /api/shard-a?op=status 0ms
200 /api/shard-b?op=status 0ms
200 /api/shard-c?op=status 0ms
200 /api/shard-d?op=status 0ms
200 /api/auth 1ms
200 /api/search?limit=250&pd=1&seed=92673 2731ms
200 /api/shard-a?op=status 0ms
200 /api/shard-b?op=status 0ms
200 /api/shard-c?op=status 0ms
200 /api/shard-d?op=status 0ms
200 /api/shard-e?op=status 0ms
200 /api/status 1ms
200 /api/shard-a?limit=250&pd=1&seed=895790&offset=0 886ms
200 /api/shard-b?limit=250&pd=1&seed=895790&offset=0 300ms
200 /api/shard-c?limit=250&pd=1&seed=895790&offset=0 337ms
200 /api/shard-d?limit=250&pd=1&seed=895790&offset=0 329ms
200 /api/shard-e?limit=250&pd=1&seed=895790&offset=0 770ms
200 /api/search?limit=250&pd=1&seed=895790 2632ms
200 /api/auth 1ms
200 /api/shard-a?op=status 1ms
200 /api/shard-b?op=status 0ms
200 /api/shard-c?op=status 0ms
200 /api/shard-d?op=status 0ms
200 /api/shard-e?op=status 0ms
200 /api/shard-e?op=status 0ms
200 /api/status 3381ms
200 /api/shard-a?limit=250&pd=1&seed=895790&offset=0 916ms
200 /api/status 918ms
200 /api/shard-b?limit=250&pd=1&seed=895790&offset=0 284ms
200 /api/shard-c?limit=250&pd=1&seed=895790&offset=0 289ms
200 /api/shard-d?limit=250&pd=1&seed=895790&offset=0 323ms
200 /api/shard-e?limit=250&pd=1&seed=895790&offset=0 752ms
200 /api/search?limit=250&pd=1&seed=895790 2583ms
200 /api/auth 0ms
200 /api/shard-b?op=status 0ms
200 /api/shard-a?op=status 0ms
200 /api/auth 0ms
200 /api/shard-d?op=status 1ms
200 /api/shard-c?op=status 0ms
200 /api/shard-e?op=status 1ms
200 /api/status 6ms
200 /api/shard-a?limit=250&pd=1&seed=114065&offset=0 869ms
200 /api/shard-b?limit=250&pd=1&seed=114065&offset=0 276ms
200 /api/shard-c?limit=250&pd=1&seed=114065&offset=0 289ms
200 /api/shard-e?limit=250&pd=1&seed=114065&offset=0 713ms
200 /api/shard-d?limit=250&pd=1&seed=114065&offset=0 318ms
200 /api/search?limit=250&pd=1&seed=114065 2485ms
200 /api/shard-a?limit=250&pd=1&seed=114065&offset=0 1050ms
200 /api/shard-b?limit=250&pd=1&seed=114065&offset=0 283ms
200 /api/shard-c?limit=250&pd=1&seed=114065&offset=0 274ms
200 /api/shard-d?limit=250&pd=1&seed=114065&offset=0 336ms
200 /api/shard-e?limit=250&pd=1&seed=114065&offset=0 728ms
200 /api/shard-a?op=status 0ms
200 /api/shard-b?op=status 0ms
200 /api/shard-c?op=status 0ms
200 /api/shard-d?op=status 0ms
200 /api/auth 0ms
200 /api/search?limit=250&pd=1&seed=114065 2688ms
200 /api/shard-a?op=status 0ms
200 /api/shard-b?op=status 0ms
200 /api/shard-c?op=status 0ms
200 /api/shard-d?op=status 0ms
200 /api/shard-e?op=status 0ms
200 /api/shard-a?limit=250&pd=1&seed=831737&offset=0 932ms
200 /api/shard-b?limit=250&pd=1&seed=831737&offset=0 283ms
200 /api/shard-c?limit=250&pd=1&seed=831737&offset=0 286ms
200 /api/shard-d?limit=250&pd=1&seed=831737&offset=0 309ms
200 /api/shard-e?limit=250&pd=1&seed=831737&offset=0 694ms
200 /api/status 2510ms
200 /api/search?limit=250&pd=1&seed=831737 2515ms
200 /api/shard-e?op=status 0ms
200 /api/status 2526ms
200 /api/shard-a?limit=250&pd=1&seed=831737&offset=0 890ms
200 /api/shard-b?limit=250&pd=1&seed=831737&offset=0 275ms
200 /api/shard-c?limit=250&pd=1&seed=831737&offset=0 281ms
200 /api/shard-d?limit=250&pd=1&seed=831737&offset=0 315ms
200 /api/shard-e?limit=250&pd=1&seed=831737&offset=0 703ms
200 /api/search?limit=250&pd=1&seed=831737 2480ms
200 /api/auth 0ms
200 /api/auth 0ms
200 /api/shard-a?op=status 0ms
200 /api/shard-b?op=status 0ms
200 /api/shard-c?op=status 0ms
200 /api/shard-e?op=status 0ms
200 /api/shard-d?op=status 0ms
200 /api/status 4ms
200 /api/shard-b?limit=250&pd=1&seed=134882&offset=0 278ms
200 /api/shard-a?limit=250&pd=1&seed=134882&offset=0 889ms
200 /api/shard-c?limit=250&pd=1&seed=134882&offset=0 288ms
200 /api/shard-e?limit=250&pd=1&seed=134882&offset=0 691ms
200 /api/shard-d?limit=250&pd=1&seed=134882&offset=0 311ms
200 /api/shard-a?limit=250&pd=1&seed=134882&offset=0 898ms
200 /api/shard-b?limit=250&pd=1&seed=134882&offset=0 275ms
200 /api/shard-c?limit=250&pd=1&seed=134882&offset=0 274ms
200 /api/shard-d?limit=250&pd=1&seed=134882&offset=0 310ms
200 /api/shard-e?limit=250&pd=1&seed=134882&offset=0 727ms
200 /api/search?limit=250&pd=1&seed=134882 4955ms
200 /api/shard-a?op=status 0ms
200 /api/shard-b?op=status 0ms
200 /api/shard-c?op=status 0ms
200 /api/shard-d?op=status 0ms
200 /api/auth 0ms
200 /api/search?limit=250&pd=1&seed=134882 2495ms
200 /api/shard-a?op=status 0ms
200 /api/shard-b?op=status 0ms
200 /api/shard-c?op=status 0ms
200 /api/shard-d?op=status 0ms
200 /api/shard-a?limit=250&pd=1&seed=551830&offset=0 902ms
200 /api/shard-b?limit=250&pd=1&seed=551830&offset=0 284ms
200 /api/shard-c?limit=250&pd=1&seed=551830&offset=0 302ms
200 /api/shard-d?limit=250&pd=1&seed=551830&offset=0 362ms
200 /api/shard-e?limit=250&pd=1&seed=551830&offset=0 686ms
200 /api/search?limit=250&pd=1&seed=551830 2546ms
200 /api/shard-a?limit=250&pd=1&seed=551830&offset=0 891ms
200 /api/auth 0ms
200 /api/shard-a?op=status 0ms
200 /api/shard-b?op=status 0ms
200 /api/shard-c?op=status 0ms
200 /api/shard-d?op=status 0ms
200 /api/shard-e?op=status 0ms
200 /api/shard-e?op=status 0ms
200 /api/status 1ms
200 /api/status 3451ms
200 /api/auth 0ms
200 /api/shard-a?op=status 0ms
200 /api/shard-b?op=status 0ms
200 /api/shard-c?op=status 0ms
200 /api/shard-d?op=status 0ms
200 /api/shard-e?op=status 0ms
200 /api/shard-a?limit=250&pd=1&seed=841855&offset=0 932ms
200 /api/shard-b?limit=250&pd=1&seed=841855&offset=0 403ms
200 /api/shard-c?limit=250&pd=1&seed=841855&offset=0 340ms
200 /api/shard-d?limit=250&pd=1&seed=841855&offset=0 327ms
200 /api/shard-e?limit=250&pd=1&seed=841855&offset=0 856ms
200 /api/status 2863ms
200 /api/search?limit=250&pd=1&seed=841855 2869ms
200 /api/shard-a?limit=250&pd=1&seed=841855&offset=0 921ms
200 /api/shard-e?op=status 0ms
200 /api/status 7235ms
200 /api/auth 1ms
200 /api/shard-a?op=status 0ms
200 /api/shard-b?op=status 0ms
200 /api/shard-c?op=status 0ms
200 /api/shard-d?op=status 0ms
200 /api/shard-e?op=status 0ms
200 /api/shard-a?limit=250&pd=1&seed=744143&offset=0 1117ms
200 /api/shard-b?limit=250&pd=1&seed=744143&offset=0 301ms
200 /api/shard-c?limit=250&pd=1&seed=744143&offset=0 311ms
200 /api/shard-d?limit=250&pd=1&seed=744143&offset=0 329ms
200 /api/shard-e?limit=250&pd=1&seed=744143&offset=0 742ms
200 /api/status 2804ms
200 /api/shard-a?limit=250&pd=1&seed=744143&offset=0 940ms
200 /api/shard-b?limit=250&pd=1&seed=744143&offset=0 279ms
200 /api/shard-b?limit=250&pd=1&seed=551830&offset=0 218ms
200 /api/search?limit=250&pd=1&seed=744143 4249ms
200 /api/shard-c?limit=250&pd=1&seed=551830&offset=0 293ms
200 /api/shard-d?limit=250&pd=1&seed=551830&offset=0 347ms
200 /api/shard-e?limit=250&pd=1&seed=551830&offset=0 725ms
200 /api/search?limit=250&pd=1&seed=551830 10324ms
200 /api/shard-b?limit=250&pd=1&seed=841855&offset=0 458ms
200 /api/shard-c?limit=250&pd=1&seed=841855&offset=0 280ms
200 /api/shard-d?limit=250&pd=1&seed=841855&offset=0 317ms
200 /api/shard-e?limit=250&pd=1&seed=841855&offset=0 769ms
200 /api/search?limit=250&pd=1&seed=841855 8392ms
200 /api/auth 0ms
200 /api/shard-c?limit=250&pd=1&seed=744143&offset=0 283ms
200 /api/shard-d?limit=250&pd=1&seed=744143&offset=0 334ms
200 /api/shard-e?limit=250&pd=1&seed=744143&offset=0 753ms
200 /api/search?limit=250&pd=1&seed=744143 6776ms
200 /api/shard-a?op=status 0ms
200 /api/shard-b?op=status 0ms
200 /api/shard-d?op=status 0ms
200 /api/shard-c?op=status 0ms
200 /api/shard-e?op=status 0ms
200 /api/status 1378ms
200 /api/auth 0ms
200 /api/auth 0ms
200 /api/shard-a?op=status 0ms
200 /api/shard-c?op=status 0ms
200 /api/shard-b?op=status 1ms
200 /api/shard-d?op=status 0ms
200 /api/shard-e?op=status 0ms
200 /api/status 6ms
200 /api/shard-a?limit=250&pd=1&seed=244467&offset=0 889ms
200 /api/shard-c?limit=250&pd=1&seed=244467&offset=0 285ms
200 /api/shard-b?limit=250&pd=1&seed=244467&offset=0 281ms
200 /api/shard-d?limit=250&pd=1&seed=244467&offset=0 314ms
200 /api/shard-e?limit=250&pd=1&seed=244467&offset=0 737ms
200 /api/search?limit=250&pd=1&seed=244467 2526ms
200 /api/shard-a?limit=250&pd=1&seed=244467&offset=0 895ms
200 /api/shard-b?limit=250&pd=1&seed=244467&offset=0 275ms
200 /api/shard-c?limit=250&pd=1&seed=244467&offset=0 268ms
200 /api/shard-d?limit=250&pd=1&seed=244467&offset=0 312ms
200 /api/shard-e?limit=250&pd=1&seed=244467&offset=0 704ms
200 /api/shard-a?op=status 0ms
200 /api/shard-b?op=status 0ms
200 /api/shard-c?op=status 0ms
200 /api/shard-d?op=status 0ms
200 /api/auth 0ms
200 /api/search?limit=250&pd=1&seed=244467 2466ms
200 /api/shard-a?op=status 0ms
200 /api/shard-b?op=status 0ms
200 /api/shard-c?op=status 0ms
200 /api/shard-d?op=status 1ms
200 /api/shard-a?limit=250&pd=1&seed=217253&offset=0 891ms
200 /api/shard-b?limit=250&pd=1&seed=217253&offset=0 287ms
200 /api/shard-c?limit=250&pd=1&seed=217253&offset=0 277ms
200 /api/shard-d?limit=250&pd=1&seed=217253&offset=0 309ms
200 /api/shard-e?limit=250&pd=1&seed=217253&offset=0 687ms
200 /api/search?limit=250&pd=1&seed=217253 2459ms
200 /api/shard-a?limit=250&pd=1&seed=217253&offset=0 909ms
200 /api/auth 0ms
200 /api/shard-a?op=status 0ms
200 /api/shard-b?op=status 0ms
200 /api/shard-c?op=status 0ms
200 /api/shard-d?op=status 0ms
200 /api/shard-e?op=status 0ms
200 /api/shard-e?op=status 0ms
200 /api/status 2ms
200 /api/status 3382ms
200 /api/shard-e?op=status 0ms
200 /api/shard-b?limit=250&pd=1&seed=217253&offset=0 285ms
200 /api/status 3658ms
200 /api/shard-c?limit=250&pd=1&seed=217253&offset=0 271ms
200 /api/shard-d?limit=250&pd=1&seed=217253&offset=0 311ms
200 /api/shard-e?limit=250&pd=1&seed=217253&offset=0 697ms
200 /api/search?limit=250&pd=1&seed=217253 2491ms
200 /api/auth 1ms
200 /api/auth 1ms
200 /api/shard-b?op=status 0ms
200 /api/shard-a?op=status 0ms
200 /api/shard-d?op=status 0ms
200 /api/shard-c?op=status 0ms
200 /api/shard-a?limit=250&pd=1&seed=392106&offset=0 894ms
200 /api/shard-e?op=status 1ms
200 /api/status 900ms
200 /api/shard-c?limit=250&pd=1&seed=392106&offset=0 272ms
200 /api/shard-b?limit=250&pd=1&seed=392106&offset=0 275ms
200 /api/shard-d?limit=250&pd=1&seed=392106&offset=0 339ms
200 /api/shard-e?limit=250&pd=1&seed=392106&offset=0 726ms
200 /api/search?limit=250&pd=1&seed=392106 2519ms
200 /api/shard-a?limit=250&pd=1&seed=392106&offset=0 888ms
200 /api/shard-b?limit=250&pd=1&seed=392106&offset=0 270ms
200 /api/shard-c?limit=250&pd=1&seed=392106&offset=0 266ms
200 /api/shard-d?limit=250&pd=1&seed=392106&offset=0 327ms
200 /api/shard-e?limit=250&pd=1&seed=392106&offset=0 696ms
200 /api/shard-a?op=status 0ms
200 /api/shard-b?op=status 0ms
200 /api/shard-c?op=status 0ms
200 /api/shard-d?op=status 0ms
200 /api/auth 0ms
200 /api/search?limit=250&pd=1&seed=392106 2459ms
200 /api/shard-a?op=status 0ms
200 /api/shard-b?op=status 0ms
200 /api/shard-c?op=status 0ms
200 /api/shard-d?op=status 0ms
200 /api/shard-e?op=status 0ms
200 /api/auth 0ms
200 /api/status 11ms
200 /api/shard-e?op=status 0ms
200 /api/status 2ms
200 /api/shard-a?op=status 0ms
200 /api/shard-b?op=status 0ms
200 /api/shard-c?op=status 0ms
200 /api/shard-d?op=status 0ms
200 /api/shard-e?op=status 0ms
200 /api/status 1ms
200 /api/auth 0ms
200 /api/auth 1ms
200 /api/shard-a?op=status 2ms
200 /api/shard-b?op=status 1ms
200 /api/shard-d?op=status 1ms
200 /api/shard-c?op=status 1ms
200 /api/shard-e?op=status 1ms
200 /api/status 12ms
200 /api/shard-b?limit=250&pd=1&seed=133622&offset=0 744ms
200 /api/shard-a?limit=250&pd=1&seed=133622&offset=0 3315ms
200 /api/shard-d?limit=250&pd=1&seed=133622&offset=0 1015ms
200 /api/shard-c?limit=250&pd=1&seed=133622&offset=0 696ms
200 /api/shard-e?limit=250&pd=1&seed=133622&offset=0 1434ms
200 /api/search?limit=250&pd=1&seed=133622 7227ms
200 /api/shard-a?op=status 0ms
200 /api/shard-c?op=status 0ms
200 /api/shard-d?op=status 1ms
200 /api/shard-e?op=status 0ms
200 /api/auth 1ms
200 /api/shard-a?limit=250&pd=1&seed=388527&offset=0 857ms
200 /api/shard-b?limit=250&pd=1&seed=388527&offset=0 375ms
200 /api/shard-c?limit=250&pd=1&seed=388527&offset=0 286ms
200 /api/shard-d?limit=250&pd=1&seed=388527&offset=0 331ms
200 /api/auth 0ms
200 /api/shard-a?op=status 0ms
200 /api/shard-b?op=status 0ms
200 /api/shard-c?op=status 0ms
200 /api/shard-d?op=status 0ms
200 /api/shard-a?limit=250&pd=1&seed=133622&offset=0 868ms
200 /api/shard-b?limit=250&pd=1&seed=133622&offset=0 282ms
200 /api/shard-c?limit=250&pd=1&seed=133622&offset=0 268ms
200 /api/shard-d?limit=250&pd=1&seed=133622&offset=0 308ms
200 /api/shard-e?limit=250&pd=1&seed=133622&offset=0 745ms
200 /api/shard-b?op=status 0ms
200 /api/search?limit=250&pd=1&seed=133622 4344ms
200 /api/status 4343ms
200 /api/shard-a?op=status 0ms
200 /api/shard-c?op=status 0ms
200 /api/shard-b?op=status 0ms
200 /api/shard-d?op=status 0ms
200 /api/shard-e?op=status 0ms
200 /api/shard-e?limit=250&pd=1&seed=388527&offset=0 732ms
200 /api/status 5075ms
200 /api/search?limit=250&pd=1&seed=388527 5077ms
200 /api/shard-a?limit=250&pd=1&seed=388527&offset=0 925ms
200 /api/shard-b?limit=250&pd=1&seed=388527&offset=0 273ms
200 /api/shard-c?limit=250&pd=1&seed=388527&offset=0 281ms
200 /api/shard-e?limit=250&pd=1&seed=388527&offset=0 786ms
200 /api/shard-d?limit=250&pd=1&seed=388527&offset=0 322ms
200 /api/shard-e?op=status 1ms
200 /api/search?limit=250&pd=1&seed=388527 5827ms
200 /api/status 5820ms
200 /api/auth 0ms
200 /api/auth 0ms
200 /api/shard-b?op=status 1ms
200 /api/shard-a?op=status 1ms
200 /api/shard-d?op=status 0ms
200 /api/shard-c?op=status 0ms
200 /api/shard-e?op=status 0ms
200 /api/status 6ms
200 /api/shard-a?limit=250&pd=1&seed=697121&offset=0 926ms
200 /api/shard-c?limit=250&pd=1&seed=697121&offset=0 361ms
200 /api/shard-d?limit=250&pd=1&seed=697121&offset=0 352ms
200 /api/shard-b?limit=250&pd=1&seed=697121&offset=0 277ms
200 /api/shard-e?limit=250&pd=1&seed=697121&offset=0 760ms
200 /api/search?limit=250&pd=1&seed=697121 2692ms
200 /api/shard-a?limit=250&pd=1&seed=697121&offset=0 866ms
200 /api/shard-b?limit=250&pd=1&seed=697121&offset=0 272ms
200 /api/shard-c?limit=250&pd=1&seed=697121&offset=0 313ms
200 /api/shard-d?limit=250&pd=1&seed=697121&offset=0 369ms
200 /api/shard-e?limit=250&pd=1&seed=697121&offset=0 1051ms
200 /api/shard-a?op=status 1ms
200 /api/shard-b?op=status 0ms
200 /api/shard-c?op=status 0ms
200 /api/shard-d?op=status 0ms
200 /api/shard-e?op=status 0ms
200 /api/search?limit=250&pd=1&seed=697121 2884ms
200 /api/status 9ms
200 /api/auth 1ms
200 /api/shard-a?limit=250&pd=1&seed=414231&offset=0 907ms
200 /api/shard-b?limit=250&pd=1&seed=414231&offset=0 274ms
200 /api/shard-c?limit=250&pd=1&seed=414231&offset=0 277ms
200 /api/shard-d?limit=250&pd=1&seed=414231&offset=0 328ms
200 /api/shard-e?limit=250&pd=1&seed=414231&offset=0 777ms
200 /api/auth 0ms
200 /api/search?limit=250&pd=1&seed=414231 2575ms
200 /api/shard-a?op=status 0ms
200 /api/shard-b?op=status 0ms
200 /api/shard-c?op=status 0ms
200 /api/shard-d?op=status 0ms
200 /api/shard-e?op=status 1ms
200 /api/shard-b?op=status 0ms
200 /api/status 2ms
200 /api/shard-a?op=status 0ms
200 /api/shard-d?op=status 0ms
200 /api/shard-c?op=status 0ms
200 /api/shard-e?op=status 0ms
200 /api/status 2582ms
200 /api/auth 0ms
200 /api/auth 0ms
200 /api/shard-a?op=status 1ms
200 /api/shard-c?op=status 0ms
200 /api/shard-b?op=status 1ms
200 /api/shard-d?op=status 0ms
200 /api/shard-e?op=status 0ms
200 /api/status 6ms
200 /api/shard-a?limit=250&pd=1&seed=963651&offset=0 3039ms
200 /api/shard-b?limit=250&pd=1&seed=963651&offset=0 270ms
200 /api/shard-c?limit=250&pd=1&seed=963651&offset=0 277ms
200 /api/shard-d?limit=250&pd=1&seed=963651&offset=0 308ms
200 /api/shard-e?limit=250&pd=1&seed=963651&offset=0 683ms
200 /api/search?limit=250&pd=1&seed=963651 4594ms
200 /api/shard-e?limit=250&pd=1&seed=963651&offset=0 690ms
200 /api/shard-a?op=status 0ms
200 /api/shard-b?op=status 0ms
200 /api/shard-c?op=status 0ms
200 /api/shard-d?op=status 0ms
200 /api/auth 0ms
200 /api/shard-a?op=status 0ms
200 /api/shard-b?op=status 0ms
200 /api/shard-a?limit=250&pd=1&seed=247947&offset=0 844ms
200 /api/shard-b?limit=250&pd=1&seed=247947&offset=0 267ms
200 /api/shard-c?limit=250&pd=1&seed=247947&offset=0 269ms
200 /api/shard-d?limit=250&pd=1&seed=247947&offset=0 308ms
200 /api/shard-a?q=tulip+painting&limit=250&pd=1&seed=247947&offset=0 36ms
200 /api/shard-b?q=tulip+painting&limit=250&pd=1&seed=247947&offset=0 15ms
200 /api/shard-a?limit=250&pd=1&seed=963651&offset=0 818ms
200 /api/shard-c?limit=250&pd=1&seed=963651&offset=0 314ms
200 /api/shard-b?limit=250&pd=1&seed=963651&offset=0 293ms
200 /api/shard-d?limit=250&pd=1&seed=963651&offset=0 340ms
200 /api/shard-e?op=status 0ms
200 /api/status 3525ms
200 /api/auth 0ms
200 /api/search?limit=250&pd=1&seed=963651 4223ms
200 /api/shard-c?op=status 1ms
200 /api/shard-e?op=status 0ms
200 /api/shard-d?op=status 0ms
200 /api/status 3526ms
200 /api/shard-e?limit=250&pd=1&seed=247947&offset=0 761ms
200 /api/search?limit=250&pd=1&seed=247947 4288ms
200 /api/shard-a?limit=250&pd=1&seed=247947&offset=0 839ms
200 /api/shard-b?limit=250&pd=1&seed=247947&offset=0 269ms
200 /api/shard-c?limit=250&pd=1&seed=247947&offset=0 269ms
200 /api/shard-d?limit=250&pd=1&seed=247947&offset=0 313ms
200 /api/shard-e?limit=250&pd=1&seed=247947&offset=0 688ms
200 /api/search?limit=250&pd=1&seed=247947 4988ms
200 /api/shard-c?q=tulip+painting&limit=250&pd=1&seed=247947&offset=0 164ms
200 /api/shard-d?q=tulip+painting&limit=250&pd=1&seed=247947&offset=0 92ms
200 /api/shard-e?q=tulip+painting&limit=250&pd=1&seed=247947&offset=0 96ms
200 /api/search?q=tulip+painting&limit=250&pd=1&seed=247947 5341ms
200 /api/shard-a?op=status 1ms
200 /api/shard-b?op=status 0ms
200 /api/shard-d?op=status 0ms
200 /api/shard-c?op=status 1ms
200 /api/shard-e?op=status 0ms
200 /api/status 3ms
200 /api/shard-c?op=item&id=si%3Asaam_1929.6.73 1ms
200 /api/shard-c?op=item&id=si%3Asaam_1956.11.6 0ms
200 /api/image?id=si%3Asaam_1929.6.73&size=thumb 369ms
200 /api/image?id=si%3Asaam_1956.11.6&size=thumb 391ms
200 /api/shard-c?op=item&id=si%3Achndm_1923-22-18 2ms
200 /api/shard-c?op=item&id=si%3Achndm_1961-105-373 1ms
200 /api/shard-c?op=item&id=si%3Achndm_1923-22-33 0ms
200 /api/shard-c?op=item&id=si%3Achndm_1938-57-550-a_b 2ms
200 /api/shard-c?op=item&id=si%3Achndm_1961-105-387 0ms
200 /api/shard-c?op=item&id=si%3Achndm_1923-22-28 0ms
200 /api/image?id=si%3Achndm_1961-105-373&size=thumb 436ms
200 /api/image?id=si%3Achndm_1923-22-18&size=thumb 477ms
200 /api/image?id=si%3Achndm_1923-22-33&size=thumb 494ms
200 /api/shard-d?op=item&id=met%3A451865 1ms
200 /api/image?id=si%3Achndm_1923-22-28&size=thumb 501ms
200 /api/image?id=met%3A451865&size=orig 91ms
200 /api/shard-c?op=item&id=si%3Achndm_1923-22-2 0ms
200 /api/shard-c?op=item&id=si%3Achndm_1923-22-9 0ms
200 /api/shard-c?op=item&id=si%3Achndm_1923-22-11 1ms
200 /api/image?id=si%3Achndm_1938-57-550-a_b&size=thumb 651ms
200 /api/shard-c?op=item&id=si%3Achndm_1923-22-16 0ms
200 /api/image?id=si%3Achndm_1961-105-387&size=thumb 700ms
200 /api/shard-c?op=item&id=si%3Achndm_1923-22-20 1ms
200 /api/image?id=si%3Achndm_1923-22-9&size=thumb 286ms
200 /api/shard-c?op=item&id=si%3Achndm_1923-22-10 1ms
200 /api/image?id=si%3Achndm_1923-22-2&size=thumb 338ms
200 /api/image?id=si%3Achndm_1923-22-11&size=thumb 302ms
200 /api/image?id=si%3Achndm_1923-22-16&size=thumb 313ms
200 /api/shard-c?op=item&id=si%3Achndm_1923-22-25 1ms
200 /api/image?id=si%3Achndm_1923-22-20&size=thumb 332ms
200 /api/image?id=si%3Achndm_1923-22-10&size=thumb 293ms
200 /api/image?id=si%3Achndm_1923-22-25&size=thumb 336ms
200 /api/auth 0ms
200 /api/auth 0ms
200 /api/shard-a?op=status 1ms
200 /api/shard-b?op=status 0ms
200 /api/shard-c?op=status 0ms
200 /api/shard-d?op=status 1ms
200 /api/shard-e?op=status 0ms
200 /api/status 5ms
200 /api/shard-a?limit=250&pd=1&seed=704197&offset=0 897ms
200 /api/shard-b?limit=250&pd=1&seed=704197&offset=0 291ms
200 /api/shard-c?limit=250&pd=1&seed=704197&offset=0 547ms
200 /api/shard-d?limit=250&pd=1&seed=704197&offset=0 366ms
200 /api/shard-e?limit=250&pd=1&seed=704197&offset=0 706ms
200 /api/search?limit=250&pd=1&seed=704197 2827ms
200 /api/shard-a?limit=250&pd=1&seed=704197&offset=0 869ms
200 /api/shard-b?limit=250&pd=1&seed=704197&offset=0 286ms
200 /api/shard-c?limit=250&pd=1&seed=704197&offset=0 273ms
200 /api/shard-d?limit=250&pd=1&seed=704197&offset=0 316ms
200 /api/shard-e?limit=250&pd=1&seed=704197&offset=0 722ms
200 /api/shard-a?op=status 0ms
200 /api/shard-b?op=status 0ms
200 /api/shard-c?op=status 0ms
200 /api/shard-d?op=status 0ms
200 /api/shard-e?op=status 0ms
200 /api/auth 0ms
200 /api/search?limit=250&pd=1&seed=704197 2476ms
200 /api/status 8ms
200 /api/shard-a?op=status 0ms
200 /api/shard-b?op=status 0ms
200 /api/shard-c?op=status 0ms
200 /api/shard-a?limit=250&pd=1&seed=546840&offset=0 875ms
200 /api/shard-b?limit=250&pd=1&seed=546840&offset=0 274ms
200 /api/shard-c?limit=250&pd=1&seed=546840&offset=0 279ms
200 /api/shard-d?limit=250&pd=1&seed=546840&offset=0 316ms
200 /api/shard-e?limit=250&pd=1&seed=546840&offset=0 700ms
200 /api/shard-a?limit=250&pd=1&seed=546840&offset=0 893ms
200 /api/shard-b?limit=250&pd=1&seed=546840&offset=0 273ms
200 /api/search?limit=250&pd=1&seed=546840 3619ms
200 /api/shard-a?q=tulip+painting&limit=250&pd=1&seed=546840&offset=0 34ms
200 /api/shard-b?q=tulip+painting&limit=250&pd=1&seed=546840&offset=0 15ms
200 /api/shard-c?q=tulip+painting&limit=250&pd=1&seed=546840&offset=0 157ms
200 /api/auth 0ms
200 /api/shard-d?op=status 0ms
200 /api/shard-e?op=status 0ms
200 /api/shard-d?limit=250&pd=1&seed=546840&offset=0 318ms
200 /api/status 4153ms
200 /api/shard-c?limit=250&pd=1&seed=546840&offset=0 279ms
200 /api/shard-e?limit=250&pd=1&seed=546840&offset=0 697ms
200 /api/shard-d?q=tulip+painting&limit=250&pd=1&seed=546840&offset=0 101ms
200 /api/search?limit=250&pd=1&seed=546840 3490ms
200 /api/shard-e?q=tulip+painting&limit=250&pd=1&seed=546840&offset=0 97ms
200 /api/search?q=tulip+painting&limit=250&pd=1&seed=546840 1720ms
200 /api/shard-a?op=status 0ms
200 /api/shard-b?op=status 0ms
200 /api/shard-c?op=status 1ms
200 /api/shard-d?op=status 0ms
200 /api/shard-e?op=status 0ms
200 /api/status 2ms
200 /api/shard-c?op=item&id=si%3Asaam_1929.6.73 0ms
200 /api/shard-c?op=item&id=si%3Asaam_1956.11.6 0ms
200 /api/image?id=si%3Asaam_1929.6.73&size=thumb 446ms
200 /api/shard-c?op=item&id=si%3Achndm_1961-105-373 1ms
200 /api/shard-c?op=item&id=si%3Achndm_1923-22-18 1ms
200 /api/image?id=si%3Asaam_1956.11.6&size=thumb 430ms
200 /api/shard-c?op=item&id=si%3Achndm_1923-22-33 0ms
200 /api/shard-c?op=item&id=si%3Achndm_1938-57-550-a_b 0ms
200 /api/shard-d?op=item&id=met%3A451865 2ms
200 /api/image?id=met%3A451865&size=orig 102ms
200 /api/shard-c?op=item&id=si%3Achndm_1961-105-387 0ms
200 /api/image?id=si%3Achndm_1961-105-373&size=thumb 376ms
200 /api/image?id=si%3Achndm_1923-22-18&size=thumb 354ms
200 /api/shard-c?op=item&id=si%3Achndm_1923-22-28 0ms
200 /api/image?id=si%3Achndm_1938-57-550-a_b&size=thumb 357ms
200 /api/image?id=si%3Achndm_1923-22-33&size=thumb 373ms
200 /api/shard-c?op=item&id=si%3Achndm_1923-22-2 0ms
200 /api/shard-c?op=item&id=si%3Achndm_1923-22-11 0ms
200 /api/shard-c?op=item&id=si%3Achndm_1923-22-16 1ms
200 /api/image?id=si%3Achndm_1961-105-387&size=thumb 288ms
200 /api/shard-c?op=item&id=si%3Achndm_1923-22-9 1ms
200 /api/image?id=si%3Achndm_1923-22-2&size=thumb 272ms
200 /api/image?id=si%3Achndm_1923-22-28&size=thumb 316ms
200 /api/shard-c?op=item&id=si%3Achndm_1923-22-10 0ms
200 /api/image?id=si%3Achndm_1923-22-11&size=thumb 286ms
200 /api/shard-c?op=item&id=si%3Achndm_1923-22-25 0ms
200 /api/image?id=si%3Achndm_1923-22-16&size=thumb 298ms
200 /api/shard-c?op=item&id=si%3Achndm_1923-22-20 0ms
200 /api/image?id=si%3Achndm_1923-22-9&size=thumb 273ms
200 /api/image?id=si%3Achndm_1923-22-10&size=thumb 273ms
200 /api/image?id=si%3Achndm_1923-22-25&size=thumb 266ms
200 /api/image?id=si%3Achndm_1923-22-20&size=thumb 255ms
200 /api/auth 0ms
200 /api/auth 0ms
200 /api/shard-a?op=status 0ms
200 /api/shard-b?op=status 0ms
200 /api/shard-d?op=status 1ms
200 /api/shard-c?op=status 0ms
200 /api/shard-e?op=status 0ms
200 /api/status 5ms
200 /api/shard-a?limit=250&pd=1&seed=923672&offset=0 2623ms
200 /api/shard-c?limit=250&pd=1&seed=923672&offset=0 430ms
200 /api/shard-b?limit=250&pd=1&seed=923672&offset=0 372ms
200 /api/shard-e?limit=250&pd=1&seed=923672&offset=0 730ms
200 /api/shard-d?limit=250&pd=1&seed=923672&offset=0 321ms
200 /api/shard-e?limit=250&pd=1&seed=923672&offset=0 699ms
200 /api/search?limit=250&pd=1&seed=923672 5198ms
200 /api/shard-a?op=status 0ms
200 /api/shard-b?op=status 0ms
200 /api/shard-c?op=status 0ms
200 /api/shard-d?op=status 0ms
200 /api/auth 0ms
200 /api/shard-a?limit=250&pd=1&seed=139312&offset=0 974ms
200 /api/shard-b?limit=250&pd=1&seed=139312&offset=0 274ms
200 /api/shard-c?limit=250&pd=1&seed=139312&offset=0 294ms
200 /api/shard-d?limit=250&pd=1&seed=139312&offset=0 316ms
200 /api/shard-e?limit=250&pd=1&seed=139312&offset=0 690ms
200 /api/search?limit=250&pd=1&seed=139312 2558ms
200 /api/shard-a?limit=250&pd=1&seed=139312&offset=0 898ms
200 /api/shard-b?limit=250&pd=1&seed=923672&offset=0 294ms
200 /api/shard-a?limit=250&pd=1&seed=923672&offset=0 874ms
200 /api/shard-c?limit=250&pd=1&seed=923672&offset=0 273ms
200 /api/shard-d?limit=250&pd=1&seed=923672&offset=0 313ms
200 /api/shard-e?op=status 0ms
200 /api/shard-a?op=status 0ms
200 /api/status 5924ms
200 /api/search?limit=250&pd=1&seed=923672 5927ms
200 /api/shard-b?op=status 0ms
200 /api/shard-c?op=status 0ms
200 /api/shard-d?op=status 0ms
200 /api/shard-e?op=status 0ms
200 /api/auth 0ms
200 /api/status 5224ms
200 /api/shard-b?limit=250&pd=1&seed=139312&offset=0 275ms
200 /api/shard-c?limit=250&pd=1&seed=139312&offset=0 275ms
200 /api/shard-d?limit=250&pd=1&seed=139312&offset=0 321ms
200 /api/shard-e?limit=250&pd=1&seed=139312&offset=0 712ms
200 /api/search?limit=250&pd=1&seed=139312 4263ms
200 /api/auth 11ms
200 /api/auth 0ms
200 /api/shard-a?op=status 9ms
200 /api/shard-b?op=status 1ms
200 /api/shard-c?op=status 1ms
200 /api/shard-d?op=status 0ms
200 /api/shard-e?op=status 3ms
200 /api/status 38ms
200 /api/shard-a?op=status 0ms
200 /api/shard-b?op=status 0ms
200 /api/shard-c?op=status 0ms
200 /api/shard-d?op=status 0ms
200 /api/shard-e?op=status 1ms
200 /api/status 5ms
200 /api/auth 1ms
200 /api/auth 0ms
200 /api/shard-a?op=status 1ms
200 /api/shard-c?op=status 0ms
200 /api/shard-b?op=status 0ms
200 /api/shard-d?op=status 0ms
200 /api/shard-e?op=status 1ms
200 /api/status 7ms
200 /api/shard-a?op=status 0ms
200 /api/shard-b?op=status 0ms
200 /api/shard-c?op=status 0ms
200 /api/shard-d?op=status 0ms
200 /api/shard-e?op=status 0ms
200 /api/status 2ms
200 /api/auth 14ms
200 /api/auth 0ms
200 /api/shard-a?op=status 11ms
200 /api/shard-b?op=status 1ms
200 /api/shard-d?op=status 0ms
200 /api/shard-c?op=status 0ms
200 /api/shard-e?op=status 2ms
200 /api/shard-b?limit=250&pd=1&seed=158364&offset=0 1067ms
200 /api/status 1110ms
200 /api/shard-a?limit=250&pd=1&seed=158364&offset=0 3662ms
200 /api/shard-d?limit=250&pd=1&seed=158364&offset=0 1165ms
200 /api/shard-c?limit=250&pd=1&seed=158364&offset=0 856ms
200 /api/shard-e?limit=250&pd=1&seed=158364&offset=0 1722ms
200 /api/search?limit=250&pd=1&seed=158364 8546ms
200 /api/shard-a?limit=250&pd=1&seed=158364&offset=0 1693ms
200 /api/shard-b?limit=250&pd=1&seed=158364&offset=0 848ms
200 /api/shard-c?limit=250&pd=1&seed=158364&offset=0 748ms
200 /api/shard-d?limit=250&pd=1&seed=158364&offset=0 1054ms
200 /api/shard-e?limit=250&pd=1&seed=158364&offset=0 1707ms
200 /api/search?limit=250&pd=1&seed=158364 14617ms
200 /api/auth 0ms
200 /api/auth 0ms
200 /api/shard-b?op=status 0ms
200 /api/shard-c?op=status 0ms
200 /api/shard-d?op=status 1ms
200 /api/shard-e?op=status 0ms
200 /api/shard-b?op=status 0ms
200 /api/shard-a?op=status 1ms
200 /api/shard-d?op=status 0ms
200 /api/shard-c?op=status 0ms
200 /api/shard-a?op=status 0ms
200 /api/shard-e?op=status 0ms
200 /api/status 7ms
200 /api/shard-b?op=status 0ms
200 /api/shard-d?op=status 0ms
200 /api/shard-c?op=status 0ms
200 /api/shard-a?op=status 0ms
200 /api/status 6ms
200 /api/shard-e?op=status 0ms
200 /api/status 8ms
200 /api/shard-b?q=cat&limit=250&from=2000&to=1800&pd=1&seed=625262&offset=0 4ms
200 /api/shard-a?q=cat&limit=250&from=2000&to=1800&pd=1&seed=625262&offset=0 2ms
200 /api/shard-c?q=cat&limit=250&from=2000&to=1800&pd=1&seed=625262&offset=0 4ms
200 /api/shard-e?q=cat&limit=250&from=2000&to=1800&pd=1&seed=625262&offset=0 3ms
200 /api/shard-d?q=cat&limit=250&from=2000&to=1800&pd=1&seed=625262&offset=0 2ms
200 /api/search?q=cat&limit=250&from=2000&to=1800&pd=1&seed=625262 21ms
200 /api/shard-b?q=cat&limit=250&from=2000&to=1800&pd=1&seed=625262&offset=0 2ms
200 /api/shard-a?q=cat&limit=250&from=2000&to=1800&pd=1&seed=625262&offset=0 1ms
200 /api/shard-d?q=cat&limit=250&from=2000&to=1800&pd=1&seed=625262&offset=0 1ms
200 /api/shard-c?q=cat&limit=250&from=2000&to=1800&pd=1&seed=625262&offset=0 2ms
200 /api/shard-e?q=cat&limit=250&from=2000&to=1800&pd=1&seed=625262&offset=0 3ms
200 /api/search?q=cat&limit=250&from=2000&to=1800&pd=1&seed=625262 31ms
200 /api/auth 1ms
200 /api/auth 0ms
200 /api/shard-a?op=status 1ms
200 /api/shard-c?op=status 1ms
200 /api/shard-b?op=status 0ms
200 /api/shard-d?op=status 1ms
200 /api/shard-e?op=status 0ms
200 /api/status 6ms
200 /api/shard-b?limit=250&pd=1&seed=122739&offset=0 835ms
200 /api/shard-a?limit=250&pd=1&seed=122739&offset=0 4921ms
200 /api/shard-c?limit=250&pd=1&seed=122739&offset=0 853ms
200 /api/shard-d?limit=250&pd=1&seed=122739&offset=0 1298ms
200 /api/shard-e?limit=250&pd=1&seed=122739&offset=0 1773ms
200 /api/search?limit=250&pd=1&seed=122739 9713ms
200 /api/shard-c?op=status 0ms
200 /api/shard-d?op=status 0ms
200 /api/shard-e?op=status 0ms
200 /api/auth 1ms
200 /api/shard-a?q=cat&limit=250&from=2000&to=1800&pd=1&seed=77521&offset=0 6ms
200 /api/shard-b?q=cat&limit=250&from=2000&to=1800&pd=1&seed=77521&offset=0 69ms
200 /api/shard-c?q=cat&limit=250&from=2000&to=1800&pd=1&seed=77521&offset=0 3ms
200 /api/shard-b?limit=250&pd=1&seed=122739&offset=0 595ms
200 /api/shard-a?limit=250&pd=1&seed=122739&offset=0 1090ms
200 /api/shard-c?limit=250&pd=1&seed=122739&offset=0 309ms
200 /api/shard-e?limit=250&pd=1&seed=122739&offset=0 813ms
200 /api/shard-d?limit=250&pd=1&seed=122739&offset=0 334ms
200 /api/shard-a?op=status 0ms
200 /api/shard-b?op=status 0ms
200 /api/search?limit=250&pd=1&seed=122739 3243ms
200 /api/shard-a?op=status 0ms
200 /api/status 3243ms
200 /api/shard-b?op=status 0ms
200 /api/shard-c?op=status 0ms
200 /api/shard-e?op=status 0ms
200 /api/shard-d?op=status 0ms
200 /api/auth 0ms
200 /api/status 3242ms
200 /api/shard-e?q=cat&limit=250&from=2000&to=1800&pd=1&seed=77521&offset=0 4ms
200 /api/shard-d?q=cat&limit=250&from=2000&to=1800&pd=1&seed=77521&offset=0 2ms
200 /api/search?q=cat&limit=250&from=2000&to=1800&pd=1&seed=77521 3248ms
200 /api/shard-a?q=cat&limit=250&from=2000&to=1800&pd=1&seed=77521&offset=0 2ms
200 /api/shard-b?q=cat&limit=250&from=2000&to=1800&pd=1&seed=77521&offset=0 1ms
200 /api/shard-d?q=cat&limit=250&from=2000&to=1800&pd=1&seed=77521&offset=0 1ms
200 /api/shard-c?q=cat&limit=250&from=2000&to=1800&pd=1&seed=77521&offset=0 2ms
200 /api/shard-e?q=cat&limit=250&from=2000&to=1800&pd=1&seed=77521&offset=0 3ms
200 /api/search?q=cat&limit=250&from=2000&to=1800&pd=1&seed=77521 3177ms
200 /api/shard-a?op=status 0ms
200 /api/shard-b?op=status 0ms
200 /api/shard-c?op=status 0ms
200 /api/shard-d?op=status 0ms
200 /api/shard-e?op=status 0ms
200 /api/status 2ms
200 /api/auth 2ms
200 /api/auth 0ms
200 /api/shard-a?op=status 1ms
200 /api/shard-b?op=status 0ms
200 /api/shard-c?op=status 0ms
200 /api/shard-e?op=status 0ms
200 /api/shard-d?op=status 0ms
200 /api/status 11ms
200 /api/shard-b?limit=250&pd=1&seed=857923&offset=0 589ms
200 /api/shard-a?limit=250&pd=1&seed=857923&offset=0 967ms
200 /api/shard-d?limit=250&pd=1&seed=857923&offset=0 316ms
200 /api/shard-c?limit=250&pd=1&seed=857923&offset=0 275ms
200 /api/shard-e?limit=250&pd=1&seed=857923&offset=0 685ms
200 /api/search?limit=250&pd=1&seed=857923 2853ms
200 /api/shard-a?limit=250&pd=1&seed=857923&offset=0 996ms
200 /api/shard-b?limit=250&pd=1&seed=857923&offset=0 276ms
200 /api/shard-c?limit=250&pd=1&seed=857923&offset=0 362ms
200 /api/shard-d?limit=250&pd=1&seed=857923&offset=0 377ms
200 /api/shard-e?limit=250&pd=1&seed=857923&offset=0 759ms
200 /api/shard-a?op=status 1ms
200 /api/shard-b?op=status 0ms
200 /api/shard-c?op=status 0ms
200 /api/shard-d?op=status 0ms
200 /api/search?limit=250&pd=1&seed=857923 2783ms
200 /api/shard-a?op=status 0ms
200 /api/auth 1ms
200 /api/shard-a?q=cat&limit=250&from=2000&to=1800&pd=1&seed=207114&offset=0 3ms
200 /api/shard-b?q=cat&limit=250&from=2000&to=1800&pd=1&seed=207114&offset=0 1ms
200 /api/shard-c?q=cat&limit=250&from=2000&to=1800&pd=1&seed=207114&offset=0 3ms
200 /api/shard-d?q=cat&limit=250&from=2000&to=1800&pd=1&seed=207114&offset=0 3ms
200 /api/shard-e?q=cat&limit=250&from=2000&to=1800&pd=1&seed=207114&offset=0 3ms
200 /api/search?q=cat&limit=250&from=2000&to=1800&pd=1&seed=207114 13ms
200 /api/shard-a?q=cat&limit=250&from=2000&to=1800&pd=1&seed=207114&offset=0 2ms
200 /api/shard-b?q=cat&limit=250&from=2000&to=1800&pd=1&seed=207114&offset=0 1ms
200 /api/shard-c?q=cat&limit=250&from=2000&to=1800&pd=1&seed=207114&offset=0 2ms
200 /api/shard-d?q=cat&limit=250&from=2000&to=1800&pd=1&seed=207114&offset=0 2ms
200 /api/shard-e?q=cat&limit=250&from=2000&to=1800&pd=1&seed=207114&offset=0 2ms
200 /api/shard-e?op=status 0ms
200 /api/search?q=cat&limit=250&from=2000&to=1800&pd=1&seed=207114 10ms
200 /api/status 32ms
200 /api/shard-b?op=status 0ms
200 /api/shard-c?op=status 0ms
200 /api/shard-d?op=status 0ms
200 /api/shard-e?op=status 0ms
200 /api/status 32ms
200 /api/auth 0ms
200 /api/shard-a?op=status 0ms
200 /api/shard-b?op=status 0ms
200 /api/shard-c?op=status 0ms
200 /api/shard-d?op=status 0ms
200 /api/shard-e?op=status 0ms
200 /api/status 2ms
200 /api/shard-a?q=cat&limit=250&from=1800&to=2000&pd=1&seed=207114&offset=0 34ms
200 /api/shard-b?q=cat&limit=250&from=1800&to=2000&pd=1&seed=207114&offset=0 2ms
200 /api/shard-c?q=cat&limit=250&from=1800&to=2000&pd=1&seed=207114&offset=0 19ms
200 /api/shard-d?q=cat&limit=250&from=1800&to=2000&pd=1&seed=207114&offset=0 13ms
200 /api/shard-e?q=cat&limit=250&from=1800&to=2000&pd=1&seed=207114&offset=0 19ms
200 /api/search?q=cat&limit=250&from=1800&to=2000&pd=1&seed=207114 92ms
200 /api/shard-c?op=item&id=si%3Asaam_1967.59.442 13ms
200 /api/shard-c?op=item&id=si%3Asaam_2000.83.59 0ms
200 /api/image?id=si%3Asaam_1967.59.442&size=thumb 358ms
200 /api/image?id=si%3Asaam_2000.83.59&size=thumb 318ms
200 /api/shard-c?op=item&id=si%3Asaam_1986.65.349 1ms
200 /api/shard-c?op=item&id=si%3Anmah_1855703 1ms
200 /api/shard-c?op=item&id=si%3Anmaahc_2014.312.113 0ms
200 /api/shard-c?op=item&id=si%3Achndm_1912-16-125 1ms
200 /api/shard-c?op=item&id=si%3Anmah_1855838 0ms
200 /api/image?id=si%3Asaam_1986.65.349&size=thumb 262ms
200 /api/shard-c?op=item&id=si%3Anmah_1855836 0ms
200 /api/image?id=si%3Anmah_1855703&size=thumb 294ms
200 /api/image?id=si%3Anmaahc_2014.312.113&size=thumb 268ms
200 /api/image?id=si%3Achndm_1912-16-125&size=thumb 292ms
200 /api/shard-c?op=item&id=si%3Anmah_1855701 0ms
200 /api/image?id=si%3Anmah_1855838&size=thumb 267ms
200 /api/shard-c?op=item&id=si%3Asaam_1992.13.36 2ms
200 /api/shard-c?op=item&id=si%3Anmah_1855704 1ms
200 /api/shard-c?op=item&id=si%3Anmah_1954873 1ms
200 /api/image?id=si%3Anmah_1855836&size=thumb 281ms
200 /api/shard-c?op=item&id=si%3Anmah_1855700 0ms
200 /api/shard-c?op=item&id=si%3Anmah_1855837 0ms
200 /api/image?id=si%3Anmah_1855701&size=thumb 295ms
200 /api/image?id=si%3Anmah_1855704&size=thumb 261ms
200 /api/image?id=si%3Asaam_1992.13.36&size=thumb 313ms
200 /api/image?id=si%3Anmah_1954873&size=thumb 283ms
200 /api/image?id=si%3Anmah_1855837&size=thumb 273ms
200 /api/image?id=si%3Anmah_1855700&size=thumb 333ms
200 /api/shard-c?op=item&id=si%3Anmah_1855702 0ms
200 /api/shard-c?op=item&id=si%3Anpm_2010.2019.8 0ms
200 /api/shard-c?op=item&id=si%3Ahmsg_83.69 0ms
200 /api/shard-c?op=item&id=si%3Asaam_1973.130.192 1ms
200 /api/shard-c?op=item&id=si%3Asaam_1972.84.102 1ms
200 /api/image?id=si%3Anmah_1855702&size=thumb 279ms
200 /api/image?id=si%3Anpm_2010.2019.8&size=thumb 284ms
200 /api/image?id=si%3Ahmsg_83.69&size=thumb 262ms
200 /api/image?id=si%3Asaam_1973.130.192&size=thumb 306ms
200 /api/image?id=si%3Asaam_1972.84.102&size=thumb 291ms
200 /api/auth 0ms
200 /api/auth 0ms
200 /api/shard-a?q=cat&limit=250&from=1990&to=1850&pd=1&seed=525455&offset=0 6ms
200 /api/shard-b?q=cat&limit=250&from=1990&to=1850&pd=1&seed=525455&offset=0 2ms
200 /api/shard-d?q=cat&limit=250&from=1990&to=1850&pd=1&seed=525455&offset=0 2ms
200 /api/shard-c?q=cat&limit=250&from=1990&to=1850&pd=1&seed=525455&offset=0 3ms
200 /api/shard-e?q=cat&limit=250&from=1990&to=1850&pd=1&seed=525455&offset=0 3ms
200 /api/search?q=cat&limit=250&from=1990&to=1850&pd=1&seed=525455 21ms
200 /api/shard-a?q=cat&limit=250&from=1990&to=1850&pd=1&seed=525455&offset=0 2ms
200 /api/shard-b?q=cat&limit=250&from=1990&to=1850&pd=1&seed=525455&offset=0 1ms
200 /api/shard-c?q=cat&limit=250&from=1990&to=1850&pd=1&seed=525455&offset=0 3ms
200 /api/shard-d?q=cat&limit=250&from=1990&to=1850&pd=1&seed=525455&offset=0 2ms
200 /api/shard-a?op=status 0ms
200 /api/shard-e?q=cat&limit=250&from=1990&to=1850&pd=1&seed=525455&offset=0 3ms
200 /api/search?q=cat&limit=250&from=1990&to=1850&pd=1&seed=525455 12ms
200 /api/shard-c?op=status 0ms
200 /api/shard-b?op=status 0ms
200 /api/shard-d?op=status 1ms
200 /api/shard-e?op=status 0ms
200 /api/status 5ms
200 /api/shard-a?op=status 0ms
200 /api/shard-b?op=status 0ms
200 /api/shard-c?op=status 0ms
200 /api/shard-d?op=status 0ms
200 /api/shard-e?op=status 0ms
200 /api/status 1ms
200 /api/auth 1ms
200 /api/auth 0ms
200 /api/shard-b?op=status 1ms
200 /api/shard-a?op=status 0ms
200 /api/shard-d?op=status 0ms
200 /api/shard-e?op=status 0ms
200 /api/shard-c?op=status 0ms
200 /api/status 4ms
200 /api/shard-a?op=status 0ms
200 /api/shard-b?op=status 0ms
200 /api/shard-c?op=status 2ms
200 /api/shard-d?op=status 5ms
200 /api/shard-e?op=status 0ms
200 /api/status 10ms
200 /api/auth 0ms
200 /api/auth 0ms
200 /api/shard-a?op=status 1ms
200 /api/shard-b?op=status 1ms
200 /api/shard-d?op=status 1ms
200 /api/shard-c?op=status 0ms
200 /api/shard-e?op=status 0ms
200 /api/status 7ms
200 /api/shard-a?op=status 0ms
200 /api/shard-b?op=status 0ms
200 /api/shard-c?op=status 0ms
200 /api/shard-d?op=status 1ms
200 /api/shard-e?op=status 0ms
200 /api/status 1ms
200 /api/auth 0ms
200 /api/auth 0ms
200 /api/shard-a?limit=250&pd=1&seed=421257&offset=0 3267ms
200 /api/shard-c?limit=250&pd=1&seed=421257&offset=0 690ms
200 /api/shard-b?limit=250&pd=1&seed=421257&offset=0 707ms
200 /api/shard-e?limit=250&pd=1&seed=421257&offset=0 1482ms
200 /api/shard-d?limit=250&pd=1&seed=421257&offset=0 990ms
200 /api/search?limit=250&pd=1&seed=421257 7153ms
200 /api/shard-b?limit=250&pd=1&seed=421257&offset=0 318ms
200 /api/shard-c?limit=250&pd=1&seed=421257&offset=0 323ms
200 /api/shard-d?limit=250&pd=1&seed=421257&offset=0 380ms
200 /api/auth 0ms
200 /api/shard-e?limit=250&pd=1&seed=421257&offset=0 845ms
200 /api/shard-a?limit=250&pd=1&seed=643948&offset=0 1000ms
200 /api/shard-b?limit=250&pd=1&seed=643948&offset=0 340ms
200 /api/shard-c?limit=250&pd=1&seed=643948&offset=0 312ms
200 /api/shard-a?limit=250&pd=1&seed=643948&offset=0 1035ms
200 /api/shard-b?op=status 0ms
200 /api/shard-a?op=status 0ms
200 /api/shard-d?op=status 0ms
200 /api/shard-c?op=status 0ms
200 /api/shard-e?op=status 0ms
200 /api/status 11728ms
200 /api/auth 0ms
200 /api/shard-a?limit=250&pd=1&seed=421257&offset=0 1028ms
200 /api/search?limit=250&pd=1&seed=421257 5607ms
200 /api/shard-a?op=status 0ms
200 /api/shard-c?op=status 1ms
200 /api/shard-b?op=status 0ms
200 /api/shard-d?op=status 0ms
200 /api/shard-e?op=status 0ms
200 /api/status 3738ms
200 /api/shard-d?limit=250&pd=1&seed=643948&offset=0 383ms
200 /api/shard-e?limit=250&pd=1&seed=643948&offset=0 813ms
200 /api/shard-b?limit=250&pd=1&seed=643948&offset=0 330ms
200 /api/search?limit=250&pd=1&seed=643948 5277ms
200 /api/shard-c?limit=250&pd=1&seed=643948&offset=0 346ms
200 /api/shard-d?limit=250&pd=1&seed=643948&offset=0 390ms
200 /api/shard-e?limit=250&pd=1&seed=643948&offset=0 887ms
200 /api/search?limit=250&pd=1&seed=643948 5267ms
200 /api/shard-a?q=cat+portrait&limit=250&pd=1&seed=643948&offset=0 70ms
200 /api/shard-b?q=cat+portrait&limit=250&pd=1&seed=643948&offset=0 53ms
200 /api/shard-d?q=cat+portrait&limit=250&pd=1&seed=643948&offset=0 95ms
200 /api/shard-c?q=cat+portrait&limit=250&pd=1&seed=643948&offset=0 252ms
200 /api/shard-e?q=cat+portrait&limit=250&pd=1&seed=643948&offset=0 159ms
200 /api/search?q=cat+portrait&limit=250&pd=1&seed=643948 4863ms
200 /api/shard-a?op=status 0ms
200 /api/shard-b?op=status 1ms
200 /api/shard-c?op=status 0ms
200 /api/shard-e?op=status 0ms
200 /api/shard-d?op=status 0ms
200 /api/status 3ms
200 /api/shard-c?op=item&id=si%3Asaam_1952.10.1 1ms
200 /api/shard-c?op=item&id=si%3Anmaahc_2016.5.2.31 1ms
200 /api/image?id=si%3Asaam_1952.10.1&size=thumb 322ms
200 /api/image?id=si%3Anmaahc_2016.5.2.31&size=thumb 306ms
200 /api/shard-c?op=item&id=si%3Anpg_NPG.86.67 0ms
200 /api/shard-c?op=item&id=si%3Asaam_2000.83.59 1ms
200 /api/shard-c?op=item&id=si%3Asaam_1986.65.349 0ms
200 /api/shard-c?op=item&id=si%3Anmah_1855838 1ms
200 /api/image?id=si%3Asaam_2000.83.59&size=thumb 294ms
200 /api/image?id=si%3Anpg_NPG.86.67&size=thumb 313ms
200 /api/shard-c?op=item&id=si%3Anmah_1855836 1ms
200 /api/shard-c?op=item&id=si%3Ahmsg_83.69 1ms
200 /api/shard-c?op=item&id=si%3Anmah_1855837 1ms
200 /api/shard-c?op=item&id=si%3Anmah_314997 0ms
200 /api/image?id=si%3Asaam_1986.65.349&size=thumb 283ms
200 /api/image?id=si%3Anmah_1855838&size=thumb 295ms
200 /api/image?id=si%3Anmah_1855836&size=thumb 265ms
200 /api/shard-c?op=item&id=si%3Anmah_1855704 1ms
200 /api/shard-c?op=item&id=si%3Anmah_1855700 1ms
200 /api/image?id=si%3Ahmsg_83.69&size=thumb 260ms
200 /api/image?id=si%3Anmah_1855837&size=thumb 277ms
200 /api/shard-c?op=item&id=si%3Asaam_1967.59.442 1ms
200 /api/image?id=si%3Anmah_314997&size=thumb 284ms
200 /api/shard-c?op=item&id=si%3Anmah_1954873 0ms
200 /api/shard-c?op=item&id=si%3Anmah_1855703 1ms
200 /api/shard-d?op=item&id=aic%3A133699 1ms
200 /api/image?id=si%3Anmah_1855704&size=thumb 291ms
200 /api/image?id=si%3Anmah_1855700&size=thumb 281ms
200 /api/image?id=si%3Asaam_1967.59.442&size=thumb 289ms
200 /api/image?id=si%3Anmah_1954873&size=thumb 287ms
200 /api/image?id=si%3Anmah_1855703&size=thumb 271ms
200 /api/shard-b?op=item&id=europeana%3A764%2Fitem_2523990 1ms
302 /api/image?id=aic%3A133699&size=thumb 297ms
200 /api/shard-c?op=item&id=si%3Anmah_1855702 0ms
200 /api/image?id=si%3Anmah_1855702&size=thumb 267ms
200 /api/image?id=europeana%3A764%2Fitem_2523990&size=orig 2246ms
200 /api/auth 0ms
200 /api/auth 0ms
200 /api/shard-a?op=status 0ms
200 /api/shard-b?op=status 0ms
200 /api/shard-c?op=status 0ms
200 /api/shard-d?op=status 0ms
200 /api/shard-e?op=status 0ms
200 /api/status 24ms
200 /api/shard-a?op=status 1ms
200 /api/shard-b?op=status 0ms
200 /api/shard-c?op=status 0ms
200 /api/shard-d?op=status 0ms
200 /api/shard-e?op=status 0ms
200 /api/status 2ms
200 /api/patents?q=sewing+machine&num=100&page=0 1473ms
200 /api/patents?q=sewing+machine&num=100&page=0 2538ms
200 /api/auth 2ms
200 /api/shard-a?op=status 0ms
200 /api/shard-b?op=status 0ms
200 /api/shard-d?op=status 1ms
200 /api/shard-c?op=status 0ms
200 /api/shard-e?op=status 0ms
200 /api/status 8ms
200 /api/auth 0ms
200 /api/shard-a?op=status 0ms
200 /api/shard-b?op=status 0ms
200 /api/shard-c?op=status 0ms
200 /api/shard-d?op=status 1ms
200 /api/shard-e?op=status 0ms
200 /api/status 1ms
200 /api/auth 0ms
200 /api/shard-a?limit=250&pd=1&seed=958669&offset=0 3345ms
200 /api/shard-b?limit=250&pd=1&seed=958669&offset=0 693ms
200 /api/shard-c?limit=250&pd=1&seed=958669&offset=0 702ms
200 /api/shard-d?limit=250&pd=1&seed=958669&offset=0 1019ms
200 /api/auth 1ms
200 /api/search?limit=250&pd=1&seed=958669 5770ms
200 /api/shard-a?op=status 0ms
200 /api/shard-b?op=status 0ms
200 /api/shard-c?op=status 0ms
200 /api/shard-d?op=status 0ms
200 /api/shard-e?op=status 0ms
200 /api/status 3ms
200 /api/shard-a?limit=250&pd=1&seed=958669&offset=0 1039ms
200 /api/shard-b?limit=250&pd=1&seed=958669&offset=0 334ms
200 /api/shard-d?limit=250&pd=1&seed=958669&offset=0 362ms
200 /api/shard-c?limit=250&pd=1&seed=958669&offset=0 342ms
200 /api/shard-e?limit=250&pd=1&seed=958669&offset=0 1487ms
200 /api/search?limit=250&pd=1&seed=958669 3579ms
200 /api/shard-b?q=cat+portrait&limit=250&pd=1&seed=958669&offset=0 45ms
200 /api/shard-a?q=cat+portrait&limit=250&pd=1&seed=958669&offset=0 64ms
200 /api/shard-d?q=cat+portrait&limit=250&pd=1&seed=958669&offset=0 83ms
200 /api/shard-e?op=status 0ms
200 /api/shard-c?q=cat+portrait&limit=250&pd=1&seed=958669&offset=0 226ms
200 /api/shard-e?q=cat+portrait&limit=250&pd=1&seed=958669&offset=0 149ms
200 /api/search?q=cat+portrait&limit=250&pd=1&seed=958669 4154ms
200 /api/shard-a?op=status 1ms
200 /api/shard-c?op=status 0ms
200 /api/shard-b?op=status 0ms
200 /api/shard-d?op=status 0ms
200 /api/status 468ms
200 /api/shard-c?op=item&id=si%3Anmaahc_2016.5.2.31 0ms
200 /api/shard-c?op=item&id=si%3Asaam_1952.10.1 0ms
200 /api/image?id=si%3Anmaahc_2016.5.2.31&size=thumb 292ms
200 /api/image?id=si%3Asaam_1952.10.1&size=thumb 275ms
200 /api/shard-c?op=item&id=si%3Anpg_NPG.86.67 0ms
200 /api/shard-c?op=item&id=si%3Asaam_1986.65.349 0ms
200 /api/shard-c?op=item&id=si%3Anmah_1855838 1ms
200 /api/shard-c?op=item&id=si%3Asaam_2000.83.59 1ms
200 /api/image?id=si%3Anpg_NPG.86.67&size=thumb 265ms
200 /api/image?id=si%3Asaam_1986.65.349&size=thumb 263ms
200 /api/image?id=si%3Anmah_1855838&size=thumb 257ms
200 /api/shard-c?op=item&id=si%3Anmah_1855836 0ms
200 /api/image?id=si%3Asaam_2000.83.59&size=thumb 255ms
200 /api/shard-c?op=item&id=si%3Ahmsg_83.69 1ms
200 /api/shard-c?op=item&id=si%3Anmah_1855837 0ms
200 /api/shard-c?op=item&id=si%3Anmah_314997 0ms
200 /api/shard-c?op=item&id=si%3Anmah_1855704 0ms
200 /api/shard-c?op=item&id=si%3Anmah_1855700 1ms
200 /api/image?id=si%3Anmah_1855836&size=thumb 280ms
200 /api/image?id=si%3Ahmsg_83.69&size=thumb 256ms
200 /api/image?id=si%3Anmah_1855837&size=thumb 257ms
200 /api/image?id=si%3Anmah_314997&size=thumb 274ms
200 /api/image?id=si%3Anmah_1855704&size=thumb 272ms
200 /api/shard-d?op=item&id=aic%3A133699 1ms
200 /api/shard-b?op=item&id=europeana%3A764%2Fitem_2523990 1ms
200 /api/shard-c?op=item&id=si%3Asaam_1967.59.442 1ms
200 /api/image?id=si%3Anmah_1855700&size=thumb 280ms
200 /api/shard-c?op=item&id=si%3Anmah_1954873 0ms
200 /api/shard-c?op=item&id=si%3Anmah_1855703 0ms
200 /api/shard-c?op=item&id=si%3Anmah_1855702 0ms
200 /api/image?id=si%3Asaam_1967.59.442&size=thumb 259ms
200 /api/image?id=si%3Anmah_1954873&size=thumb 248ms
200 /api/image?id=si%3Anmah_1855703&size=thumb 264ms
200 /api/image?id=si%3Anmah_1855702&size=thumb 278ms
302 /api/image?id=aic%3A133699&size=thumb 757ms
200 /api/image?id=europeana%3A764%2Fitem_2523990&size=orig 2526ms
200 /api/auth 0ms
200 /api/auth 0ms
200 /api/auth 0ms
200 /api/auth 0ms
200 /api/shard-b?op=status 0ms
200 /api/shard-a?op=status 0ms
200 /api/shard-c?op=status 0ms
200 /api/shard-d?op=status 0ms
200 /api/shard-e?op=status 0ms
200 /api/status 4ms
404 /api/image?url=blob%3Ahttp%3A%2F%2Flocalhost%3A5180%2F2dfc3c1c-76cb-42cb-82ab-03a5e237dc3f 0ms
404 /api/image?url=idb%3Aedit-1789339706630-71y5ie 0ms
200 /api/shard-a?op=status 0ms
200 /api/shard-b?op=status 0ms
200 /api/shard-c?op=status 0ms
200 /api/shard-d?op=status 0ms
200 /api/shard-e?op=status 0ms
200 /api/status 1ms
200 /api/auth 1ms
200 /api/auth 0ms
200 /api/shard-b?op=status 1ms
200 /api/shard-a?op=status 0ms
200 /api/shard-c?op=status 0ms
200 /api/shard-d?op=status 0ms
200 /api/shard-e?op=status 0ms
200 /api/status 5ms
200 /api/shard-a?op=status 0ms
200 /api/shard-b?op=status 0ms
200 /api/shard-c?op=status 0ms
200 /api/shard-d?op=status 0ms
200 /api/shard-e?op=status 0ms
200 /api/status 4ms
200 /api/auth 0ms
200 /api/auth 0ms
200 /api/shard-b?op=status 1ms
200 /api/shard-a?op=status 1ms
200 /api/shard-d?op=status 0ms
200 /api/shard-e?op=status 0ms
200 /api/shard-c?op=status 0ms
200 /api/status 5ms
200 /api/shard-a?op=status 0ms
200 /api/shard-b?op=status 0ms
200 /api/shard-c?op=status 0ms
200 /api/shard-d?op=status 0ms
200 /api/shard-e?op=status 0ms
200 /api/status 2ms
200 /api/auth 0ms
200 /api/shard-a?limit=250&pd=1&seed=378817&offset=0 2866ms
200 /api/shard-b?limit=250&pd=1&seed=378817&offset=0 645ms
200 /api/shard-c?limit=250&pd=1&seed=378817&offset=0 396ms
200 /api/shard-d?limit=250&pd=1&seed=378817&offset=0 1132ms
200 /api/auth 0ms
200 /api/search?limit=250&pd=1&seed=378817 5053ms
200 /api/shard-a?limit=250&pd=1&seed=378817&offset=0 1144ms
200 /api/shard-b?limit=250&pd=1&seed=378817&offset=0 344ms
200 /api/shard-c?limit=250&pd=1&seed=378817&offset=0 484ms
200 /api/shard-d?limit=250&pd=1&seed=378817&offset=0 464ms
200 /api/shard-e?limit=250&pd=1&seed=378817&offset=0 1808ms
200 /api/shard-a?op=status 0ms
200 /api/search?limit=250&pd=1&seed=378817 4259ms
200 /api/shard-b?op=status 0ms
200 /api/shard-d?op=status 1ms
200 /api/shard-e?op=status 0ms
200 /api/shard-c?op=status 0ms
200 /api/status 1825ms
200 /api/shard-a?q=cat+portrait&limit=250&pd=1&seed=378817&offset=0 66ms
200 /api/shard-c?q=cat+portrait&limit=250&pd=1&seed=378817&offset=0 287ms
200 /api/shard-b?q=cat+portrait&limit=250&pd=1&seed=378817&offset=0 44ms
200 /api/shard-e?q=cat+portrait&limit=250&pd=1&seed=378817&offset=0 153ms
200 /api/shard-d?q=cat+portrait&limit=250&pd=1&seed=378817&offset=0 85ms
200 /api/search?q=cat+portrait&limit=250&pd=1&seed=378817 2463ms
200 /api/shard-a?op=status 0ms
200 /api/shard-b?op=status 0ms
200 /api/shard-c?op=status 1ms
200 /api/shard-d?op=status 0ms
200 /api/shard-e?op=status 0ms
200 /api/status 2ms
200 /api/shard-c?op=item&id=si%3Anmaahc_2016.5.2.31 0ms
200 /api/shard-c?op=item&id=si%3Asaam_1952.10.1 1ms
200 /api/image?id=si%3Anmaahc_2016.5.2.31&size=thumb 272ms
200 /api/image?id=si%3Asaam_1952.10.1&size=thumb 309ms
200 /api/shard-c?op=item&id=si%3Anpg_NPG.86.67 0ms
200 /api/shard-c?op=item&id=si%3Asaam_2000.83.59 0ms
200 /api/shard-c?op=item&id=si%3Asaam_1986.65.349 1ms
200 /api/shard-c?op=item&id=si%3Anmah_1855838 1ms
200 /api/image?id=si%3Anpg_NPG.86.67&size=thumb 265ms
200 /api/shard-c?op=item&id=si%3Anmah_1855836 0ms
200 /api/shard-c?op=item&id=si%3Ahmsg_83.69 0ms
200 /api/image?id=si%3Asaam_2000.83.59&size=thumb 254ms
200 /api/image?id=si%3Asaam_1986.65.349&size=thumb 259ms
200 /api/image?id=si%3Anmah_1855838&size=thumb 274ms
200 /api/shard-c?op=item&id=si%3Anmah_1855837 1ms
200 /api/shard-c?op=item&id=si%3Anmah_314997 1ms
200 /api/image?id=si%3Anmah_1855836&size=thumb 269ms
200 /api/shard-c?op=item&id=si%3Anmah_1855704 0ms
200 /api/image?id=si%3Ahmsg_83.69&size=thumb 264ms
200 /api/shard-c?op=item&id=si%3Anmah_1855700 1ms
200 /api/shard-d?op=item&id=aic%3A133699 1ms
200 /api/shard-c?op=item&id=si%3Asaam_1967.59.442 1ms
200 /api/image?id=si%3Anmah_1855837&size=thumb 328ms
200 /api/image?id=si%3Anmah_1855704&size=thumb 262ms
200 /api/image?id=si%3Anmah_314997&size=thumb 278ms
200 /api/shard-b?op=item&id=europeana%3A764%2Fitem_2523990 1ms
200 /api/image?id=si%3Anmah_1855700&size=thumb 256ms
302 /api/image?id=aic%3A133699&size=thumb 198ms
200 /api/shard-c?op=item&id=si%3Anmah_1954873 1ms
200 /api/shard-c?op=item&id=si%3Anmah_1855703 0ms
200 /api/shard-c?op=item&id=si%3Anmah_1855702 0ms
200 /api/image?id=si%3Asaam_1967.59.442&size=thumb 272ms
200 /api/image?id=si%3Anmah_1954873&size=thumb 256ms
200 /api/image?id=si%3Anmah_1855703&size=thumb 253ms
200 /api/image?id=si%3Anmah_1855702&size=thumb 260ms
200 /api/image?id=europeana%3A764%2Fitem_2523990&size=orig 2028ms
200 /api/auth 1ms
200 /api/shard-a?op=status 1ms
200 /api/shard-b?op=status 0ms
200 /api/shard-d?op=status 0ms
200 /api/shard-e?op=status 1ms
200 /api/shard-c?op=status 0ms
200 /api/status 12ms
200 /api/shard-a?op=status 0ms
200 /api/shard-b?op=status 0ms
200 /api/shard-c?op=status 0ms
200 /api/shard-d?op=status 0ms
200 /api/auth 0ms
200 /api/shard-e?op=status 0ms
200 /api/status 9ms
200 /api/auth 0ms
404 /api/image?url=blob%3Ahttp%3A%2F%2Flocalhost%3A5180%2Fc2a7e1b9-e614-4c5e-9532-dd10567e1816 0ms
404 /api/image?url=blob%3Ahttp%3A%2F%2Flocalhost%3A5180%2F8e7efffd-d885-4cd9-89e0-dbeea6468fe3 0ms
200 /api/shard-a?op=status 0ms
200 /api/shard-b?op=status 0ms
200 /api/shard-c?op=status 0ms
200 /api/shard-d?op=status 0ms
200 /api/shard-e?op=status 0ms
200 /api/status 2ms
200 /api/auth 0ms
200 /api/shard-a?op=status 0ms
200 /api/shard-b?op=status 1ms
200 /api/shard-c?op=status 0ms
200 /api/shard-d?op=status 0ms
200 /api/shard-e?op=status 0ms
200 /api/shard-b?limit=250&pd=1&seed=79745&offset=0 303ms
200 /api/status 309ms
200 /api/shard-a?limit=250&pd=1&seed=79745&offset=0 5708ms
200 /api/auth 0ms
200 /api/shard-d?limit=250&pd=1&seed=79745&offset=0 760ms
200 /api/shard-c?limit=250&pd=1&seed=79745&offset=0 389ms
200 /api/shard-e?limit=250&pd=1&seed=79745&offset=0 794ms
200 /api/search?limit=250&pd=1&seed=79745 7971ms
200 /api/shard-a?op=status 1ms
200 /api/shard-c?op=status 0ms
200 /api/shard-d?op=status 0ms
200 /api/auth 0ms
200 /api/shard-a?op=status 0ms
404 /api/image?url=blob%3Ahttp%3A%2F%2Flocalhost%3A5180%2F39dfde13-6cf9-488a-adcf-9a141612ebf9 0ms
200 /api/shard-a?limit=250&pd=1&seed=79745&offset=0 1072ms
200 /api/shard-b?limit=250&pd=1&seed=79745&offset=0 325ms
200 /api/shard-d?limit=250&pd=1&seed=79745&offset=0 362ms
200 /api/shard-c?limit=250&pd=1&seed=79745&offset=0 310ms
200 /api/shard-e?limit=250&pd=1&seed=79745&offset=0 823ms
200 /api/search?limit=250&pd=1&seed=79745 2910ms
200 /api/shard-b?op=status 0ms
200 /api/shard-e?op=status 1ms
200 /api/status 2908ms
200 /api/shard-c?op=status 1ms
200 /api/shard-b?op=status 0ms
200 /api/shard-e?op=status 0ms
200 /api/shard-d?op=status 0ms
200 /api/status 2908ms
200 /api/auth 0ms
200 /api/auth 0ms
200 /api/shard-a?op=status 1ms
200 /api/shard-b?op=status 0ms
200 /api/shard-d?op=status 1ms
200 /api/shard-c?op=status 0ms
200 /api/shard-e?op=status 0ms
200 /api/status 6ms
200 /api/shard-a?op=status 1ms
200 /api/shard-b?op=status 0ms
200 /api/shard-c?op=status 0ms
200 /api/shard-d?op=status 0ms
200 /api/shard-e?op=status 0ms
200 /api/status 1ms
200 /api/auth 0ms
200 /api/auth 0ms
200 /api/shard-a?limit=250&pd=1&seed=851484&offset=0 9982ms
200 /api/shard-b?limit=250&pd=1&seed=851484&offset=0 564ms
200 /api/shard-c?limit=250&pd=1&seed=851484&offset=0 309ms
200 /api/shard-d?limit=250&pd=1&seed=851484&offset=0 849ms
200 /api/search?limit=250&pd=1&seed=851484 11715ms
200 /api/shard-a?limit=250&pd=1&seed=851484&offset=0 978ms
200 /api/shard-b?limit=250&pd=1&seed=851484&offset=0 287ms
200 /api/shard-a?op=status 0ms
200 /api/shard-a?q=cat+portrait&limit=250&pd=1&seed=851484&offset=0 70ms
200 /api/shard-c?limit=250&pd=1&seed=851484&offset=0 311ms
200 /api/shard-d?limit=250&pd=1&seed=851484&offset=0 423ms
200 /api/shard-e?limit=250&pd=1&seed=851484&offset=0 1467ms
200 /api/shard-c?op=status 0ms
200 /api/search?limit=250&pd=1&seed=851484 3552ms
200 /api/shard-b?op=status 0ms
200 /api/shard-d?op=status 0ms
200 /api/shard-e?op=status 0ms
200 /api/shard-b?q=cat+portrait&limit=250&pd=1&seed=851484&offset=0 47ms
200 /api/status 2334ms
200 /api/shard-d?q=cat+portrait&limit=250&pd=1&seed=851484&offset=0 89ms
200 /api/shard-c?q=cat+portrait&limit=250&pd=1&seed=851484&offset=0 241ms
200 /api/shard-e?q=cat+portrait&limit=250&pd=1&seed=851484&offset=0 148ms
200 /api/search?q=cat+portrait&limit=250&pd=1&seed=851484 2815ms
200 /api/shard-a?op=status 0ms
200 /api/shard-b?op=status 0ms
200 /api/shard-c?op=status 1ms
200 /api/shard-d?op=status 0ms
200 /api/shard-e?op=status 0ms
200 /api/status 2ms
200 /api/shard-c?op=item&id=si%3Asaam_1952.10.1 0ms
200 /api/shard-c?op=item&id=si%3Anmaahc_2016.5.2.31 1ms
200 /api/image?id=si%3Asaam_1952.10.1&size=thumb 310ms
200 /api/image?id=si%3Anmaahc_2016.5.2.31&size=thumb 281ms
200 /api/shard-c?op=item&id=si%3Asaam_2000.83.59 1ms
200 /api/shard-c?op=item&id=si%3Anpg_NPG.86.67 0ms
200 /api/shard-c?op=item&id=si%3Asaam_1986.65.349 0ms
200 /api/shard-c?op=item&id=si%3Anmah_1855838 0ms
200 /api/image?id=si%3Asaam_2000.83.59&size=thumb 279ms
200 /api/image?id=si%3Anpg_NPG.86.67&size=thumb 288ms
200 /api/shard-c?op=item&id=si%3Anmah_1855836 1ms
200 /api/shard-c?op=item&id=si%3Ahmsg_83.69 0ms
200 /api/image?id=si%3Asaam_1986.65.349&size=thumb 277ms
200 /api/shard-c?op=item&id=si%3Anmah_1855837 0ms
200 /api/shard-c?op=item&id=si%3Anmah_314997 1ms
200 /api/image?id=si%3Anmah_1855838&size=thumb 262ms
200 /api/shard-c?op=item&id=si%3Anmah_1855704 0ms
200 /api/image?id=si%3Anmah_1855836&size=thumb 260ms
200 /api/image?id=si%3Ahmsg_83.69&size=thumb 262ms
200 /api/image?id=si%3Anmah_1855837&size=thumb 281ms
200 /api/image?id=si%3Anmah_314997&size=thumb 287ms
200 /api/shard-c?op=item&id=si%3Anmah_1855700 0ms
200 /api/shard-c?op=item&id=si%3Asaam_1967.59.442 0ms
200 /api/shard-c?op=item&id=si%3Anmah_1954873 0ms
200 /api/shard-c?op=item&id=si%3Anmah_1855703 0ms
200 /api/shard-d?op=item&id=aic%3A133699 1ms
200 /api/image?id=si%3Anmah_1855704&size=thumb 276ms
200 /api/shard-b?op=item&id=europeana%3A764%2Fitem_2523990 1ms
200 /api/image?id=si%3Asaam_1967.59.442&size=thumb 258ms
302 /api/image?id=aic%3A133699&size=thumb 171ms
200 /api/shard-c?op=item&id=si%3Anmah_1855702 0ms
200 /api/image?id=si%3Anmah_1855700&size=thumb 266ms
200 /api/image?id=si%3Anmah_1954873&size=thumb 258ms
200 /api/image?id=si%3Anmah_1855703&size=thumb 258ms
200 /api/image?id=si%3Anmah_1855702&size=thumb 261ms
200 /api/image?id=europeana%3A764%2Fitem_2523990&size=orig 2074ms
200 /api/auth 1ms
200 /api/auth 0ms
200 /api/auth 1ms
200 /api/auth 0ms
200 /api/shard-a?op=status 0ms
200 /api/shard-b?op=status 0ms
200 /api/shard-d?op=status 1ms
200 /api/shard-e?op=status 0ms
200 /api/shard-c?op=status 0ms
200 /api/status 7ms
404 /api/image?url=idb%3Aedit-1789339928073-a77jkw 0ms
200 /api/shard-a?op=status 0ms
200 /api/shard-b?op=status 0ms
200 /api/shard-c?op=status 0ms
200 /api/shard-d?op=status 0ms
200 /api/shard-e?op=status 0ms
200 /api/status 5ms
200 /api/auth 0ms
200 /api/shard-a?op=status 0ms
200 /api/shard-b?op=status 0ms
200 /api/shard-c?op=status 0ms
200 /api/shard-d?op=status 0ms
200 /api/shard-e?op=status 0ms
200 /api/status 6ms
200 /api/auth 0ms
200 /api/shard-a?op=status 1ms
200 /api/shard-b?op=status 0ms
200 /api/shard-c?op=status 0ms
200 /api/shard-d?op=status 0ms
200 /api/shard-e?op=status 0ms
200 /api/status 2ms
200 /api/auth 0ms
200 /api/shard-a?limit=250&pd=1&seed=915647&offset=0 2916ms
200 /api/shard-b?limit=250&pd=1&seed=915647&offset=0 734ms
200 /api/shard-c?limit=250&pd=1&seed=915647&offset=0 461ms
200 /api/shard-d?limit=250&pd=1&seed=915647&offset=0 1351ms
200 /api/search?limit=250&pd=1&seed=915647 5471ms
200 /api/auth 0ms
200 /api/shard-a?limit=250&pd=1&seed=915647&offset=0 995ms
200 /api/shard-b?limit=250&pd=1&seed=915647&offset=0 344ms
200 /api/shard-c?limit=250&pd=1&seed=915647&offset=0 336ms
200 /api/shard-d?limit=250&pd=1&seed=915647&offset=0 356ms
200 /api/shard-e?limit=250&pd=1&seed=915647&offset=0 1477ms
200 /api/search?limit=250&pd=1&seed=915647 3521ms
200 /api/shard-b?op=status 0ms
200 /api/shard-a?op=status 0ms
200 /api/shard-c?op=status 0ms
200 /api/shard-e?op=status 0ms
200 /api/shard-d?op=status 0ms
200 /api/shard-b?q=cat+portrait&limit=250&pd=1&seed=915647&offset=0 48ms
200 /api/status 1539ms
200 /api/shard-a?q=cat+portrait&limit=250&pd=1&seed=915647&offset=0 68ms
200 /api/shard-c?q=cat+portrait&limit=250&pd=1&seed=915647&offset=0 222ms
200 /api/shard-d?q=cat+portrait&limit=250&pd=1&seed=915647&offset=0 87ms
200 /api/shard-e?q=cat+portrait&limit=250&pd=1&seed=915647&offset=0 148ms
200 /api/search?q=cat+portrait&limit=250&pd=1&seed=915647 2066ms
200 /api/shard-a?op=status 1ms
200 /api/shard-b?op=status 0ms
200 /api/shard-c?op=status 0ms
200 /api/shard-d?op=status 1ms
200 /api/shard-e?op=status 0ms
200 /api/status 2ms
200 /api/shard-c?op=item&id=si%3Anmaahc_2016.5.2.31 1ms
200 /api/shard-c?op=item&id=si%3Asaam_1952.10.1 0ms
200 /api/image?id=si%3Asaam_1952.10.1&size=thumb 294ms
200 /api/image?id=si%3Anmaahc_2016.5.2.31&size=thumb 297ms
200 /api/shard-c?op=item&id=si%3Asaam_2000.83.59 0ms
200 /api/shard-c?op=item&id=si%3Anpg_NPG.86.67 0ms
200 /api/shard-c?op=item&id=si%3Asaam_1986.65.349 1ms
200 /api/shard-c?op=item&id=si%3Anmah_1855838 1ms
200 /api/image?id=si%3Asaam_2000.83.59&size=thumb 302ms
200 /api/image?id=si%3Anpg_NPG.86.67&size=thumb 312ms
200 /api/image?id=si%3Asaam_1986.65.349&size=thumb 271ms
200 /api/shard-c?op=item&id=si%3Anmah_1855836 0ms
200 /api/shard-c?op=item&id=si%3Ahmsg_83.69 1ms
200 /api/shard-c?op=item&id=si%3Anmah_1855837 0ms
200 /api/image?id=si%3Anmah_1855838&size=thumb 271ms
200 /api/shard-c?op=item&id=si%3Anmah_314997 1ms
200 /api/shard-c?op=item&id=si%3Anmah_1855704 1ms
200 /api/shard-c?op=item&id=si%3Anmah_1855700 0ms
200 /api/image?id=si%3Anmah_1855836&size=thumb 268ms
200 /api/image?id=si%3Ahmsg_83.69&size=thumb 258ms
200 /api/image?id=si%3Anmah_1855837&size=thumb 254ms
200 /api/shard-c?op=item&id=si%3Asaam_1967.59.442 0ms
200 /api/image?id=si%3Anmah_314997&size=thumb 253ms
200 /api/shard-c?op=item&id=si%3Anmah_1954873 0ms
200 /api/image?id=si%3Anmah_1855704&size=thumb 273ms
200 /api/shard-d?op=item&id=aic%3A133699 0ms
200 /api/image?id=si%3Anmah_1855700&size=thumb 274ms
200 /api/shard-c?op=item&id=si%3Anmah_1855703 0ms
200 /api/shard-c?op=item&id=si%3Anmah_1855702 0ms
200 /api/image?id=si%3Asaam_1967.59.442&size=thumb 260ms
302 /api/image?id=aic%3A133699&size=thumb 175ms
200 /api/shard-b?op=item&id=europeana%3A764%2Fitem_2523990 0ms
200 /api/image?id=si%3Anmah_1954873&size=thumb 261ms
200 /api/image?id=si%3Anmah_1855703&size=thumb 255ms
200 /api/image?id=si%3Anmah_1855702&size=thumb 262ms
200 /api/image?id=europeana%3A764%2Fitem_2523990&size=orig 1920ms
200 /api/auth 0ms
200 /api/auth 0ms
200 /api/auth 0ms
200 /api/auth 0ms
200 /api/shard-a?op=status 1ms
200 /api/shard-b?op=status 0ms
200 /api/shard-d?op=status 0ms
200 /api/shard-c?op=status 0ms
404 /api/image?url=idb%3Aedit-1789339991608-l2mj7v 1ms
200 /api/shard-e?op=status 0ms
200 /api/status 5ms
200 /api/shard-a?op=status 0ms
200 /api/shard-b?op=status 0ms
200 /api/shard-c?op=status 0ms
200 /api/shard-d?op=status 0ms
200 /api/shard-e?op=status 0ms
200 /api/status 3ms
200 /api/auth 0ms
200 /api/auth 0ms
200 /api/shard-b?op=status 1ms
200 /api/shard-a?op=status 0ms
200 /api/shard-c?op=status 1ms
200 /api/shard-d?op=status 0ms
200 /api/shard-e?op=status 0ms
200 /api/status 5ms
200 /api/shard-a?limit=250&pd=1&seed=150937&offset=0 7543ms
200 /api/shard-b?limit=250&pd=1&seed=150937&offset=0 797ms
200 /api/shard-c?limit=250&pd=1&seed=150937&offset=0 505ms
200 /api/shard-e?limit=250&pd=1&seed=150937&offset=0 1127ms
200 /api/shard-d?limit=250&pd=1&seed=150937&offset=0 968ms
200 /api/search?limit=250&pd=1&seed=150937 10959ms
200 /api/shard-a?op=status 1ms
200 /api/shard-b?op=status 0ms
200 /api/shard-c?op=status 0ms
200 /api/shard-d?op=status 0ms
200 /api/shard-b?limit=250&pd=1&seed=150937&offset=0 325ms
200 /api/shard-a?limit=250&pd=1&seed=150937&offset=0 1037ms
200 /api/shard-c?limit=250&pd=1&seed=150937&offset=0 309ms
200 /api/shard-e?limit=250&pd=1&seed=150937&offset=0 904ms
200 /api/shard-d?limit=250&pd=1&seed=150937&offset=0 353ms
200 /api/shard-e?op=status 0ms
200 /api/status 2940ms
200 /api/shard-b?q=cat+portrait&limit=250&pd=1&seed=150937&offset=0 50ms
200 /api/search?limit=250&pd=1&seed=150937 2993ms
200 /api/shard-a?q=cat+portrait&limit=250&pd=1&seed=150937&offset=0 64ms
200 /api/shard-d?q=cat+portrait&limit=250&pd=1&seed=150937&offset=0 92ms
200 /api/shard-c?q=cat+portrait&limit=250&pd=1&seed=150937&offset=0 227ms
200 /api/shard-e?q=cat+portrait&limit=250&pd=1&seed=150937&offset=0 154ms
200 /api/search?q=cat+portrait&limit=250&pd=1&seed=150937 3537ms
200 /api/shard-c?op=item&id=si%3Asaam_1952.10.1 1ms
200 /api/shard-c?op=item&id=si%3Anmaahc_2016.5.2.31 1ms
200 /api/image?id=si%3Asaam_1952.10.1&size=thumb 318ms
200 /api/image?id=si%3Anmaahc_2016.5.2.31&size=thumb 318ms
200 /api/shard-c?op=item&id=si%3Asaam_2000.83.59 1ms
200 /api/shard-c?op=item&id=si%3Anpg_NPG.86.67 1ms
200 /api/shard-c?op=item&id=si%3Asaam_1986.65.349 1ms
200 /api/shard-c?op=item&id=si%3Anmah_1855838 0ms
200 /api/shard-c?op=item&id=si%3Anmah_1855836 0ms
200 /api/image?id=si%3Asaam_2000.83.59&size=thumb 269ms
200 /api/image?id=si%3Anpg_NPG.86.67&size=thumb 272ms
200 /api/image?id=si%3Anmah_1855838&size=thumb 250ms
200 /api/shard-c?op=item&id=si%3Ahmsg_83.69 1ms
200 /api/image?id=si%3Asaam_1986.65.349&size=thumb 266ms
200 /api/shard-c?op=item&id=si%3Anmah_1855837 0ms
200 /api/shard-c?op=item&id=si%3Anmah_314997 1ms
200 /api/image?id=si%3Anmah_1855836&size=thumb 262ms
200 /api/shard-c?op=item&id=si%3Anmah_1855704 0ms
200 /api/shard-c?op=item&id=si%3Anmah_1855700 0ms
200 /api/shard-d?op=item&id=aic%3A133699 1ms
200 /api/image?id=si%3Anmah_1855837&size=thumb 260ms
200 /api/image?id=si%3Anmah_314997&size=thumb 259ms
200 /api/image?id=si%3Ahmsg_83.69&size=thumb 272ms
200 /api/image?id=si%3Anmah_1855704&size=thumb 250ms
200 /api/shard-c?op=item&id=si%3Asaam_1967.59.442 1ms
200 /api/shard-c?op=item&id=si%3Anmah_1954873 1ms
200 /api/image?id=si%3Anmah_1855700&size=thumb 255ms
302 /api/image?id=aic%3A133699&size=thumb 158ms
200 /api/shard-c?op=item&id=si%3Anmah_1855703 0ms
200 /api/shard-c?op=item&id=si%3Anmah_1855702 0ms
200 /api/image?id=si%3Asaam_1967.59.442&size=thumb 258ms
200 /api/image?id=si%3Anmah_1954873&size=thumb 257ms
200 /api/image?id=si%3Anmah_1855703&size=thumb 255ms
200 /api/image?id=si%3Anmah_1855702&size=thumb 256ms
200 /api/auth 1ms
200 /api/auth 0ms
200 /api/shard-a?op=status 8ms
200 /api/shard-b?op=status 1ms
200 /api/shard-c?op=status 1ms
200 /api/shard-e?op=status 0ms
200 /api/shard-a?limit=250&pd=1&seed=309767&offset=0 3196ms
200 /api/shard-b?limit=250&pd=1&seed=309767&offset=0 692ms
200 /api/shard-d?limit=250&pd=1&seed=309767&offset=0 998ms
200 /api/shard-e?limit=250&pd=1&seed=309767&offset=0 1491ms
200 /api/shard-d?op=status 0ms
200 /api/status 6423ms
200 /api/shard-d?limit=250&pd=1&seed=309767&offset=0 321ms
200 /api/shard-c?limit=250&pd=1&seed=309767&offset=0 646ms
200 /api/shard-e?limit=250&pd=1&seed=309767&offset=0 718ms
200 /api/search?limit=250&pd=1&seed=309767 8114ms
200 /api/auth 0ms
200 /api/shard-a?op=status 0ms
200 /api/shard-b?op=status 1ms
200 /api/shard-c?op=status 0ms
200 /api/shard-e?op=status 0ms
200 /api/shard-a?limit=250&pd=1&seed=817388&offset=0 919ms
200 /api/shard-b?limit=250&pd=1&seed=817388&offset=0 380ms
200 /api/shard-a?q=cat+portrait&limit=250&pd=1&seed=817388&offset=0 69ms
200 /api/shard-b?q=cat+portrait&limit=250&pd=1&seed=817388&offset=0 44ms
200 /api/shard-c?q=cat+portrait&limit=250&pd=1&seed=817388&offset=0 218ms
200 /api/shard-a?limit=250&pd=1&seed=309767&offset=0 983ms
200 /api/shard-b?limit=250&pd=1&seed=309767&offset=0 295ms
200 /api/shard-c?limit=250&pd=1&seed=309767&offset=0 286ms
200 /api/auth 0ms
200 /api/search?limit=250&pd=1&seed=309767 7397ms
200 /api/shard-d?op=status 1ms
200 /api/status 3214ms
200 /api/shard-c?limit=250&pd=1&seed=817388&offset=0 309ms
200 /api/shard-d?limit=250&pd=1&seed=817388&offset=0 336ms
200 /api/shard-e?limit=250&pd=1&seed=817388&offset=0 701ms
200 /api/search?limit=250&pd=1&seed=817388 4564ms
200 /api/shard-b?limit=250&pd=1&seed=817388&offset=0 280ms
200 /api/shard-a?limit=250&pd=1&seed=817388&offset=0 957ms
200 /api/shard-c?limit=250&pd=1&seed=817388&offset=0 300ms
200 /api/shard-e?limit=250&pd=1&seed=817388&offset=0 811ms
200 /api/shard-d?limit=250&pd=1&seed=817388&offset=0 350ms
200 /api/shard-d?q=cat+portrait&limit=250&pd=1&seed=817388&offset=0 109ms
200 /api/shard-e?q=cat+portrait&limit=250&pd=1&seed=817388&offset=0 197ms
200 /api/search?limit=250&pd=1&seed=817388 6282ms
200 /api/search?q=cat+portrait&limit=250&pd=1&seed=817388 6282ms
200 /api/shard-a?op=status 0ms
200 /api/shard-b?op=status 0ms
200 /api/shard-d?op=status 1ms
200 /api/shard-e?op=status 0ms
200 /api/shard-c?op=status 0ms
200 /api/status 6ms
200 /api/shard-c?op=item&id=si%3Asaam_1952.10.1 1ms
200 /api/shard-c?op=item&id=si%3Anmaahc_2016.5.2.31 0ms
200 /api/image?id=si%3Asaam_1952.10.1&size=thumb 315ms
200 /api/image?id=si%3Anmaahc_2016.5.2.31&size=thumb 312ms
200 /api/shard-c?op=item&id=si%3Asaam_2000.83.59 1ms
200 /api/shard-c?op=item&id=si%3Anpg_NPG.86.67 1ms
200 /api/shard-c?op=item&id=si%3Asaam_1986.65.349 1ms
200 /api/shard-c?op=item&id=si%3Anmah_1855838 0ms
200 /api/shard-c?op=item&id=si%3Anmah_1855836 0ms
200 /api/image?id=si%3Asaam_2000.83.59&size=thumb 287ms
200 /api/image?id=si%3Asaam_1986.65.349&size=thumb 290ms
200 /api/image?id=si%3Anpg_NPG.86.67&size=thumb 303ms
200 /api/shard-c?op=item&id=si%3Ahmsg_83.69 1ms
200 /api/image?id=si%3Anmah_1855838&size=thumb 310ms
200 /api/image?id=si%3Anmah_1855836&size=thumb 288ms
200 /api/shard-c?op=item&id=si%3Anmah_1855837 0ms
200 /api/shard-d?op=item&id=aic%3A133699 1ms
200 /api/shard-c?op=item&id=si%3Anmah_314997 0ms
200 /api/shard-c?op=item&id=si%3Anmah_1855704 0ms
200 /api/shard-c?op=item&id=si%3Anmah_1855700 1ms
200 /api/image?id=si%3Ahmsg_83.69&size=thumb 513ms
200 /api/shard-c?op=item&id=si%3Asaam_1967.59.442 1ms
302 /api/image?id=aic%3A133699&size=thumb 453ms
200 /api/shard-c?op=item&id=si%3Anmah_1954873 1ms
200 /api/image?id=si%3Anmah_1855837&size=thumb 542ms
200 /api/image?id=si%3Anmah_1855704&size=thumb 509ms
200 /api/image?id=si%3Anmah_314997&size=thumb 533ms
200 /api/image?id=si%3Anmah_1855700&size=thumb 458ms
200 /api/shard-c?op=item&id=si%3Anmah_1855703 0ms
200 /api/shard-b?op=item&id=europeana%3A764%2Fitem_2523990 0ms
200 /api/shard-c?op=item&id=si%3Anmah_1855702 1ms
200 /api/image?id=si%3Asaam_1967.59.442&size=thumb 344ms
200 /api/image?id=si%3Anmah_1954873&size=thumb 251ms
200 /api/image?id=si%3Anmah_1855703&size=thumb 269ms
200 /api/image?id=si%3Anmah_1855702&size=thumb 260ms
200 /api/image?id=europeana%3A764%2Fitem_2523990&size=orig 1931ms
200 /api/auth 1ms
200 /api/auth 0ms
200 /api/shard-b?op=status 0ms
200 /api/shard-a?op=status 0ms
200 /api/shard-d?op=status 0ms
200 /api/shard-c?op=status 0ms
200 /api/shard-a?limit=250&pd=1&seed=731329&offset=0 3320ms
200 /api/shard-e?op=status 0ms
200 /api/status 3332ms
200 /api/shard-b?limit=250&pd=1&seed=731329&offset=0 718ms
200 /api/shard-d?limit=250&pd=1&seed=731329&offset=0 407ms
200 /api/shard-c?limit=250&pd=1&seed=731329&offset=0 698ms
200 /api/shard-e?limit=250&pd=1&seed=731329&offset=0 1082ms
200 /api/search?limit=250&pd=1&seed=731329 6248ms
200 /api/shard-e?limit=250&pd=1&seed=731329&offset=0 754ms
200 /api/auth 0ms
200 /api/shard-c?op=status 0ms
200 /api/shard-d?op=status 0ms
200 /api/shard-e?op=status 0ms
200 /api/shard-a?limit=250&pd=1&seed=222506&offset=0 975ms
200 /api/shard-b?limit=250&pd=1&seed=222506&offset=0 320ms
200 /api/shard-a?q=cat+portrait&limit=250&pd=1&seed=222506&offset=0 67ms
200 /api/shard-b?q=cat+portrait&limit=250&pd=1&seed=222506&offset=0 49ms
200 /api/shard-c?q=cat+portrait&limit=250&pd=1&seed=222506&offset=0 233ms
200 /api/shard-b?limit=250&pd=1&seed=731329&offset=0 311ms
200 /api/shard-a?limit=250&pd=1&seed=731329&offset=0 911ms
200 /api/shard-d?limit=250&pd=1&seed=731329&offset=0 338ms
200 /api/auth 0ms
200 /api/shard-a?op=status 1ms
200 /api/search?limit=250&pd=1&seed=731329 3984ms
200 /api/shard-b?op=status 0ms
200 /api/status 3222ms
200 /api/shard-d?limit=250&pd=1&seed=222506&offset=0 315ms
200 /api/shard-c?limit=250&pd=1&seed=222506&offset=0 304ms
200 /api/shard-e?limit=250&pd=1&seed=222506&offset=0 743ms
200 /api/shard-b?limit=250&pd=1&seed=222506&offset=0 276ms
200 /api/search?limit=250&pd=1&seed=222506 4866ms
200 /api/shard-a?limit=250&pd=1&seed=222506&offset=0 904ms
200 /api/shard-d?limit=250&pd=1&seed=222506&offset=0 347ms
200 /api/shard-c?limit=250&pd=1&seed=222506&offset=0 291ms
200 /api/shard-e?limit=250&pd=1&seed=222506&offset=0 744ms
200 /api/search?limit=250&pd=1&seed=222506 5865ms
200 /api/shard-e?q=cat+portrait&limit=250&pd=1&seed=222506&offset=0 158ms
200 /api/shard-d?q=cat+portrait&limit=250&pd=1&seed=222506&offset=0 82ms
200 /api/search?q=cat+portrait&limit=250&pd=1&seed=222506 6108ms
200 /api/shard-b?op=status 0ms
200 /api/shard-a?op=status 0ms
200 /api/shard-c?op=status 0ms
200 /api/shard-e?op=status 0ms
200 /api/shard-d?op=status 0ms
200 /api/status 6ms
200 /api/shard-c?op=item&id=si%3Asaam_1952.10.1 1ms
200 /api/shard-c?op=item&id=si%3Anmaahc_2016.5.2.31 1ms
200 /api/image?id=si%3Asaam_1952.10.1&size=thumb 275ms
200 /api/image?id=si%3Anmaahc_2016.5.2.31&size=thumb 298ms
200 /api/shard-c?op=item&id=si%3Anpg_NPG.86.67 1ms
200 /api/shard-c?op=item&id=si%3Asaam_2000.83.59 1ms
200 /api/shard-c?op=item&id=si%3Asaam_1986.65.349 1ms
200 /api/shard-c?op=item&id=si%3Anmah_1855838 1ms
200 /api/shard-c?op=item&id=si%3Anmah_1855836 0ms
200 /api/image?id=si%3Anpg_NPG.86.67&size=thumb 259ms
200 /api/shard-c?op=item&id=si%3Ahmsg_83.69 1ms
200 /api/image?id=si%3Asaam_2000.83.59&size=thumb 255ms
200 /api/image?id=si%3Asaam_1986.65.349&size=thumb 258ms
200 /api/shard-c?op=item&id=si%3Anmah_1855837 0ms
200 /api/image?id=si%3Anmah_1855838&size=thumb 262ms
200 /api/image?id=si%3Anmah_1855836&size=thumb 255ms
200 /api/shard-c?op=item&id=si%3Anmah_314997 1ms
200 /api/shard-c?op=item&id=si%3Anmah_1855704 0ms
200 /api/image?id=si%3Ahmsg_83.69&size=thumb 251ms
200 /api/shard-c?op=item&id=si%3Anmah_1855700 0ms
200 /api/image?id=si%3Anmah_1855837&size=thumb 253ms
200 /api/shard-b?op=item&id=europeana%3A764%2Fitem_2523990 1ms
200 /api/shard-c?op=item&id=si%3Asaam_1967.59.442 1ms
200 /api/image?id=si%3Anmah_314997&size=thumb 253ms
200 /api/shard-c?op=item&id=si%3Anmah_1954873 1ms
200 /api/image?id=si%3Anmah_1855704&size=thumb 249ms
200 /api/shard-c?op=item&id=si%3Anmah_1855703 0ms
200 /api/image?id=si%3Anmah_1855700&size=thumb 253ms
200 /api/image?id=si%3Asaam_1967.59.442&size=thumb 266ms
200 /api/shard-d?op=item&id=aic%3A133699 1ms
200 /api/shard-c?op=item&id=si%3Anmah_1855702 1ms
200 /api/image?id=si%3Anmah_1954873&size=thumb 263ms
200 /api/image?id=si%3Anmah_1855703&size=thumb 262ms
302 /api/image?id=aic%3A133699&size=thumb 163ms
200 /api/image?id=si%3Anmah_1855702&size=thumb 263ms
200 /api/image?id=europeana%3A764%2Fitem_2523990&size=orig 1929ms
200 /api/auth 0ms
200 /api/auth 0ms
200 /api/auth 0ms
200 /api/auth 0ms
200 /api/shard-a?op=status 2ms
200 /api/shard-b?op=status 1ms
200 /api/shard-c?op=status 0ms
404 /api/image?url=idb%3Aedit-1789340197768-rtc4os 1ms
200 /api/shard-d?op=status 0ms
200 /api/shard-e?op=status 0ms
200 /api/status 6ms
200 /api/shard-a?op=status 1ms
200 /api/shard-b?op=status 0ms
200 /api/shard-c?op=status 1ms
200 /api/shard-d?op=status 0ms
200 /api/shard-e?op=status 0ms
200 /api/status 3ms
200 /api/auth 0ms
200 /api/auth 0ms
200 /api/shard-a?op=status 1ms
200 /api/shard-b?op=status 0ms
200 /api/shard-d?op=status 0ms
200 /api/shard-c?op=status 0ms
200 /api/shard-e?op=status 0ms
200 /api/shard-a?limit=250&pd=1&seed=888922&offset=0 3244ms
200 /api/status 3255ms
200 /api/shard-c?limit=250&pd=1&seed=888922&offset=0 686ms
200 /api/shard-b?limit=250&pd=1&seed=888922&offset=0 697ms
200 /api/shard-e?limit=250&pd=1&seed=888922&offset=0 1494ms
200 /api/shard-d?limit=250&pd=1&seed=888922&offset=0 984ms
200 /api/search?limit=250&pd=1&seed=888922 7129ms
200 /api/auth 0ms
200 /api/shard-b?op=status 0ms
200 /api/shard-c?op=status 0ms
200 /api/shard-d?op=status 1ms
200 /api/shard-e?op=status 0ms
200 /api/shard-a?limit=250&pd=1&seed=888922&offset=0 1018ms
200 /api/shard-b?limit=250&pd=1&seed=888922&offset=0 293ms
200 /api/shard-e?limit=250&pd=1&seed=888922&offset=0 780ms
200 /api/shard-d?limit=250&pd=1&seed=888922&offset=0 349ms
200 /api/shard-c?limit=250&pd=1&seed=888922&offset=0 326ms
200 /api/shard-a?op=status 0ms
200 /api/search?limit=250&pd=1&seed=888922 2783ms
200 /api/status 2779ms
200 /api/auth 3ms
200 /api/shard-a?op=status 7ms
200 /api/shard-b?op=status 2ms
200 /api/shard-d?op=status 2ms
200 /api/shard-c?op=status 3ms
200 /api/shard-a?limit=250&pd=1&seed=367566&offset=0 3545ms
200 /api/shard-e?op=status 1ms
200 /api/status 3620ms
200 /api/shard-c?limit=250&pd=1&seed=367566&offset=0 700ms
200 /api/shard-b?limit=250&pd=1&seed=367566&offset=0 696ms
200 /api/shard-d?limit=250&pd=1&seed=367566&offset=0 974ms
200 /api/shard-e?limit=250&pd=1&seed=367566&offset=0 1413ms
200 /api/auth 0ms
200 /api/search?limit=250&pd=1&seed=367566 7428ms
200 /api/shard-a?limit=250&pd=1&seed=367566&offset=0 1159ms
200 /api/shard-c?limit=250&pd=1&seed=367566&offset=0 305ms
200 /api/shard-b?limit=250&pd=1&seed=367566&offset=0 273ms
200 /api/shard-d?limit=250&pd=1&seed=367566&offset=0 335ms
200 /api/shard-e?limit=250&pd=1&seed=367566&offset=0 833ms
200 /api/auth 0ms
200 /api/search?limit=250&pd=1&seed=367566 10328ms
200 /api/shard-c?limit=250&pd=1&seed=987598&offset=0 342ms
200 /api/shard-d?limit=250&pd=1&seed=987598&offset=0 315ms
200 /api/shard-e?limit=250&pd=1&seed=987598&offset=0 765ms
200 /api/shard-a?limit=250&pd=1&seed=987598&offset=0 950ms
200 /api/shard-b?limit=250&pd=1&seed=987598&offset=0 274ms
200 /api/shard-c?limit=250&pd=1&seed=987598&offset=0 329ms
200 /api/shard-d?limit=250&pd=1&seed=987598&offset=0 316ms
200 /api/shard-e?limit=250&pd=1&seed=987598&offset=0 756ms
200 /api/search?limit=250&pd=1&seed=987598 3417ms
200 /api/auth 0ms
200 /api/shard-b?op=status 0ms
200 /api/shard-a?op=status 1ms
200 /api/shard-c?op=status 1ms
200 /api/shard-e?op=status 0ms
200 /api/shard-d?op=status 0ms
200 /api/shard-b?limit=250&pd=1&seed=987598&offset=0 304ms
200 /api/status 4387ms
200 /api/shard-a?limit=250&pd=1&seed=987598&offset=0 1004ms
200 /api/search?limit=250&pd=1&seed=987598 5396ms
200 /api/shard-b?q=cat+portrait&limit=250&pd=1&seed=987598&offset=0 48ms
200 /api/shard-a?q=cat+portrait&limit=250&pd=1&seed=987598&offset=0 72ms
200 /api/shard-c?q=cat+portrait&limit=250&pd=1&seed=987598&offset=0 234ms
200 /api/shard-e?q=cat+portrait&limit=250&pd=1&seed=987598&offset=0 154ms
200 /api/shard-d?q=cat+portrait&limit=250&pd=1&seed=987598&offset=0 82ms
200 /api/search?q=cat+portrait&limit=250&pd=1&seed=987598 1943ms
200 /api/shard-a?op=status 1ms
200 /api/shard-b?op=status 0ms
200 /api/shard-c?op=status 0ms
200 /api/shard-d?op=status 0ms
200 /api/shard-e?op=status 2ms
200 /api/status 4ms
200 /api/shard-b?op=item&id=europeana%3A764%2Fitem_2523990 1ms
200 /api/image?id=europeana%3A764%2Fitem_2523990&size=orig 3974ms
200 /api/auth 1ms
200 /api/auth 0ms
200 /api/shard-a?op=status 1ms
200 /api/shard-c?op=status 0ms
200 /api/shard-b?op=status 0ms
200 /api/shard-e?op=status 0ms
200 /api/shard-d?op=status 0ms
200 /api/status 9ms
200 /api/shard-a?limit=250&pd=1&seed=664925&offset=0 1027ms
200 /api/shard-c?limit=250&pd=1&seed=664925&offset=0 472ms
200 /api/shard-b?limit=250&pd=1&seed=664925&offset=0 346ms
200 /api/shard-d?limit=250&pd=1&seed=664925&offset=0 817ms
200 /api/shard-e?limit=250&pd=1&seed=664925&offset=0 1632ms
200 /api/search?limit=250&pd=1&seed=664925 4319ms
200 /api/shard-a?op=status 0ms
200 /api/shard-b?op=status 0ms
200 /api/shard-c?op=status 0ms
200 /api/shard-d?op=status 0ms
200 /api/shard-a?op=status 0ms
200 /api/auth 1ms
200 /api/shard-a?limit=250&pd=1&seed=70038&offset=0 1123ms
200 /api/shard-b?limit=250&pd=1&seed=70038&offset=0 314ms
200 /api/shard-c?limit=250&pd=1&seed=70038&offset=0 634ms
200 /api/shard-d?limit=250&pd=1&seed=70038&offset=0 881ms
200 /api/shard-a?limit=250&pd=1&seed=70038&offset=0 1029ms
200 /api/shard-d?limit=250&pd=1&seed=664925&offset=0 385ms
200 /api/shard-e?limit=250&pd=1&seed=664925&offset=0 851ms
200 /api/shard-c?limit=250&pd=1&seed=664925&offset=0 303ms
200 /api/shard-b?limit=250&pd=1&seed=664925&offset=0 310ms
200 /api/shard-a?limit=250&pd=1&seed=664925&offset=0 1046ms
200 /api/search?limit=250&pd=1&seed=664925 6911ms
200 /api/shard-e?op=status 0ms
200 /api/status 6906ms
200 /api/shard-b?op=status 0ms
200 /api/shard-c?op=status 0ms
200 /api/shard-d?op=status 0ms
200 /api/shard-e?op=status 0ms
200 /api/status 6904ms
200 /api/auth 0ms
200 /api/shard-e?limit=250&pd=1&seed=70038&offset=0 900ms
200 /api/search?limit=250&pd=1&seed=70038 7808ms
200 /api/shard-b?limit=250&pd=1&seed=70038&offset=0 326ms
200 /api/shard-c?limit=250&pd=1&seed=70038&offset=0 321ms
200 /api/shard-d?limit=250&pd=1&seed=70038&offset=0 362ms
200 /api/shard-e?limit=250&pd=1&seed=70038&offset=0 720ms
200 /api/search?limit=250&pd=1&seed=70038 6594ms
200 /api/shard-a?q=cat+portrait&limit=250&pd=1&seed=70038&offset=0 65ms
200 /api/shard-b?q=cat+portrait&limit=250&pd=1&seed=70038&offset=0 46ms
200 /api/shard-c?q=cat+portrait&limit=250&pd=1&seed=70038&offset=0 222ms
200 /api/shard-d?q=cat+portrait&limit=250&pd=1&seed=70038&offset=0 80ms
200 /api/shard-e?q=cat+portrait&limit=250&pd=1&seed=70038&offset=0 148ms
200 /api/search?q=cat+portrait&limit=250&pd=1&seed=70038 6125ms
200 /api/shard-a?op=status 0ms
200 /api/shard-c?op=status 0ms
200 /api/shard-b?op=status 0ms
200 /api/shard-d?op=status 1ms
200 /api/shard-e?op=status 0ms
200 /api/status 5ms
200 /api/shard-b?op=item&id=europeana%3A764%2Fitem_2523990 0ms
200 /api/image?id=europeana%3A764%2Fitem_2523990&size=orig 2035ms
200 /api/auth 2ms
200 /api/auth 0ms
200 /api/shard-a?op=status 1ms
200 /api/shard-c?op=status 1ms
200 /api/shard-b?op=status 1ms
200 /api/shard-e?op=status 0ms
200 /api/shard-d?op=status 0ms
200 /api/status 7ms
200 /api/shard-a?limit=250&pd=1&seed=49629&offset=0 3510ms
200 /api/shard-b?limit=250&pd=1&seed=49629&offset=0 822ms
200 /api/shard-d?limit=250&pd=1&seed=49629&offset=0 1058ms
200 /api/shard-c?limit=250&pd=1&seed=49629&offset=0 730ms
200 /api/shard-e?limit=250&pd=1&seed=49629&offset=0 1536ms
200 /api/search?limit=250&pd=1&seed=49629 7679ms
200 /api/shard-b?op=status 1ms
200 /api/shard-c?op=status 1ms
200 /api/shard-d?op=status 0ms
200 /api/shard-e?op=status 0ms
200 /api/auth 0ms
200 /api/shard-a?limit=250&pd=1&seed=893960&offset=0 3187ms
200 /api/shard-b?limit=250&pd=1&seed=893960&offset=0 672ms
200 /api/shard-c?limit=250&pd=1&seed=893960&offset=0 382ms
200 /api/shard-d?limit=250&pd=1&seed=893960&offset=0 1055ms
200 /api/auth 0ms
200 /api/shard-a?op=status 0ms
200 /api/shard-b?op=status 0ms
200 /api/shard-c?op=status 0ms
200 /api/shard-d?op=status 0ms
200 /api/auth 0ms
200 /api/shard-a?limit=250&pd=1&seed=84977&offset=0 913ms
200 /api/shard-b?limit=250&pd=1&seed=84977&offset=0 275ms
200 /api/shard-c?limit=250&pd=1&seed=84977&offset=0 309ms
200 /api/shard-d?limit=250&pd=1&seed=84977&offset=0 324ms
200 /api/shard-a?limit=250&pd=1&seed=49629&offset=0 967ms
200 /api/shard-b?limit=250&pd=1&seed=49629&offset=0 296ms
200 /api/shard-d?limit=250&pd=1&seed=49629&offset=0 355ms
200 /api/shard-c?limit=250&pd=1&seed=49629&offset=0 388ms
200 /api/shard-a?op=status 1ms
200 /api/status 9160ms
200 /api/shard-e?limit=250&pd=1&seed=49629&offset=0 1699ms
200 /api/search?limit=250&pd=1&seed=49629 10863ms
200 /api/shard-a?op=status 0ms
200 /api/shard-b?op=status 0ms
200 /api/shard-c?op=status 1ms
200 /api/shard-d?op=status 0ms
200 /api/shard-e?op=status 0ms
200 /api/status 10862ms
200 /api/shard-e?limit=250&pd=1&seed=893960&offset=0 943ms
200 /api/search?limit=250&pd=1&seed=893960 11807ms
200 /api/shard-a?limit=250&pd=1&seed=893960&offset=0 1023ms
200 /api/shard-b?limit=250&pd=1&seed=893960&offset=0 300ms
200 /api/shard-c?limit=250&pd=1&seed=893960&offset=0 333ms
200 /api/shard-d?limit=250&pd=1&seed=893960&offset=0 381ms
200 /api/shard-e?limit=250&pd=1&seed=893960&offset=0 816ms
200 /api/shard-e?op=status 1ms
200 /api/search?limit=250&pd=1&seed=893960 9390ms
200 /api/status 9385ms
200 /api/auth 0ms
200 /api/shard-a?op=status 0ms
200 /api/shard-b?op=status 0ms
200 /api/shard-c?op=status 0ms
200 /api/shard-d?op=status 0ms
200 /api/shard-e?op=status 0ms
200 /api/status 9385ms
200 /api/shard-e?limit=250&pd=1&seed=84977&offset=0 757ms
200 /api/search?limit=250&pd=1&seed=84977 10144ms
200 /api/shard-a?limit=250&pd=1&seed=84977&offset=0 1023ms
200 /api/shard-b?limit=250&pd=1&seed=84977&offset=0 316ms
200 /api/shard-c?limit=250&pd=1&seed=84977&offset=0 348ms
200 /api/shard-d?limit=250&pd=1&seed=84977&offset=0 422ms
200 /api/shard-e?limit=250&pd=1&seed=84977&offset=0 773ms
200 /api/search?limit=250&pd=1&seed=84977 11217ms
200 /api/shard-a?q=cat+portrait&limit=250&pd=1&seed=84977&offset=0 65ms
200 /api/shard-b?q=cat+portrait&limit=250&pd=1&seed=84977&offset=0 43ms
200 /api/shard-c?q=cat+portrait&limit=250&pd=1&seed=84977&offset=0 209ms
200 /api/shard-d?q=cat+portrait&limit=250&pd=1&seed=84977&offset=0 85ms
200 /api/shard-e?q=cat+portrait&limit=250&pd=1&seed=84977&offset=0 145ms
200 /api/search?q=cat+portrait&limit=250&pd=1&seed=84977 11767ms
200 /api/shard-b?op=status 0ms
200 /api/shard-a?op=status 0ms
200 /api/shard-c?op=status 0ms
200 /api/shard-d?op=status 1ms
200 /api/shard-e?op=status 0ms
200 /api/status 3ms
200 /api/shard-b?op=item&id=europeana%3A764%2Fitem_2523990 1ms
200 /api/image?id=europeana%3A764%2Fitem_2523990&size=orig 3002ms
200 /api/auth 0ms
200 /api/auth 0ms
200 /api/shard-a?op=status 0ms
200 /api/shard-b?op=status 0ms
200 /api/shard-c?op=status 0ms
200 /api/shard-d?op=status 1ms
200 /api/shard-e?op=status 0ms
200 /api/status 14ms
200 /api/shard-a?limit=250&pd=1&seed=830420&offset=0 3393ms
200 /api/shard-c?limit=250&pd=1&seed=830420&offset=0 697ms
200 /api/shard-d?limit=250&pd=1&seed=830420&offset=0 985ms
200 /api/shard-e?limit=250&pd=1&seed=830420&offset=0 1468ms
200 /api/shard-b?limit=250&pd=1&seed=830420&offset=0 731ms
200 /api/search?limit=250&pd=1&seed=830420 7293ms
200 /api/shard-b?op=status 0ms
200 /api/shard-c?op=status 1ms
200 /api/shard-d?op=status 0ms
200 /api/shard-e?op=status 0ms
200 /api/auth 0ms
200 /api/shard-a?limit=250&pd=1&seed=830420&offset=0 922ms
200 /api/shard-b?limit=250&pd=1&seed=830420&offset=0 297ms
200 /api/shard-c?limit=250&pd=1&seed=830420&offset=0 297ms
200 /api/shard-d?limit=250&pd=1&seed=830420&offset=0 335ms
200 /api/shard-e?limit=250&pd=1&seed=830420&offset=0 737ms
200 /api/auth 0ms
200 /api/search?limit=250&pd=1&seed=830420 2624ms
200 /api/shard-a?op=status 0ms
200 /api/status 2625ms
200 /api/shard-a?op=status 0ms
200 /api/shard-c?op=status 0ms
200 /api/shard-b?op=status 0ms
200 /api/shard-d?op=status 0ms
200 /api/shard-e?op=status 0ms
200 /api/status 2624ms
200 /api/shard-a?op=status 0ms
200 /api/shard-b?op=status 0ms
200 /api/shard-c?op=status 0ms
200 /api/shard-d?op=status 0ms
200 /api/shard-e?op=status 0ms
200 /api/status 3ms
200 /api/patents?q=sewing+machine&num=100&page=0 3024ms
200 /api/patents?q=sewing+machine&num=100&page=0 4104ms
200 /api/download?url=https%3A%2F%2Fpatentimages.storage.googleapis.com%2F61%2F4a%2Fe6%2Ff3116f40935e8a%2FUS07848842-20101207-D00000.png&name=US7848842B2-fig1.png 87ms
200 /api/download?url=https%3A%2F%2Fpatentimages.storage.googleapis.com%2F3b%2F9b%2Fe3%2Fb9198b43cce9ab%2FUS07848842-20101207-D00001.png&name=US7848842B2-fig2.png 155ms
200 /api/download?url=https%3A%2F%2Fpatentimages.storage.googleapis.com%2F27%2F10%2Feb%2F9d82ba661e5db5%2FUS07848842-20101207-D00002.png&name=US7848842B2-fig3.png 146ms
200 /api/auth 0ms
200 /api/auth 0ms
200 /api/shard-a?op=status 1ms
200 /api/shard-b?op=status 1ms
200 /api/shard-c?op=status 0ms
200 /api/shard-e?op=status 1ms
200 /api/shard-d?op=status 0ms
200 /api/status 7ms
200 /api/shard-a?limit=250&pd=1&seed=209443&offset=0 3046ms
200 /api/shard-c?limit=250&pd=1&seed=209443&offset=0 294ms
200 /api/shard-b?limit=250&pd=1&seed=209443&offset=0 691ms
200 /api/shard-e?limit=250&pd=1&seed=209443&offset=0 744ms
200 /api/shard-d?limit=250&pd=1&seed=209443&offset=0 994ms
200 /api/shard-d?limit=250&pd=1&seed=209443&offset=0 276ms
200 /api/search?limit=250&pd=1&seed=209443 6063ms
200 /api/shard-a?op=status 1ms
200 /api/shard-b?op=status 1ms
200 /api/shard-c?op=status 0ms
200 /api/shard-d?op=status 0ms
200 /api/auth 0ms
200 /api/shard-a?op=status 1ms
200 /api/shard-b?limit=250&pd=1&seed=209443&offset=0 269ms
200 /api/shard-a?limit=250&pd=1&seed=209443&offset=0 887ms
200 /api/shard-e?limit=250&pd=1&seed=209443&offset=0 755ms
200 /api/shard-c?limit=250&pd=1&seed=209443&offset=0 275ms
200 /api/shard-e?op=status 0ms
200 /api/status 2206ms
200 /api/auth 0ms
200 /api/search?limit=250&pd=1&seed=209443 2485ms
200 /api/shard-c?op=status 0ms
200 /api/shard-b?op=status 0ms
200 /api/shard-e?op=status 0ms
200 /api/shard-d?op=status 0ms
200 /api/status 2203ms
200 /api/shard-a?op=status 0ms
200 /api/shard-b?op=status 0ms
200 /api/shard-c?op=status 0ms
200 /api/shard-d?op=status 0ms
200 /api/shard-e?op=status 0ms
200 /api/status 1ms
200 /api/patents?q=sewing+machine&num=100&page=0 3443ms
200 /api/patents?q=sewing+machine&num=100&page=0 3493ms
200 /api/auth 1ms
200 /api/auth 0ms
200 /api/shard-a?op=status 1ms
200 /api/shard-b?op=status 0ms
200 /api/shard-d?op=status 1ms
200 /api/shard-c?op=status 0ms
200 /api/shard-a?limit=250&pd=1&seed=45486&offset=0 3535ms
200 /api/shard-e?op=status 0ms
200 /api/status 3549ms
200 /api/shard-c?limit=250&pd=1&seed=45486&offset=0 767ms
200 /api/shard-d?limit=250&pd=1&seed=45486&offset=0 1005ms
200 /api/shard-e?limit=250&pd=1&seed=45486&offset=0 1586ms
200 /api/shard-b?limit=250&pd=1&seed=45486&offset=0 725ms
200 /api/search?limit=250&pd=1&seed=45486 7640ms
200 /api/shard-b?limit=250&pd=1&seed=187895&offset=0 240ms
200 /api/shard-c?limit=250&pd=1&seed=187895&offset=0 356ms
200 /api/shard-d?limit=250&pd=1&seed=187895&offset=0 483ms
200 /api/shard-e?limit=250&pd=1&seed=187895&offset=0 893ms
200 /api/auth 0ms
200 /api/shard-a?limit=250&pd=1&seed=187895&offset=0 3117ms
200 /api/shard-b?limit=250&pd=1&seed=187895&offset=0 284ms
200 /api/shard-c?limit=250&pd=1&seed=187895&offset=0 294ms
200 /api/shard-d?limit=250&pd=1&seed=187895&offset=0 320ms
200 /api/shard-a?limit=250&pd=1&seed=45486&offset=0 885ms
200 /api/shard-b?limit=250&pd=1&seed=45486&offset=0 292ms
200 /api/shard-c?limit=250&pd=1&seed=45486&offset=0 321ms
200 /api/shard-d?limit=250&pd=1&seed=45486&offset=0 351ms
200 /api/shard-a?limit=250&pd=1&seed=187895&offset=0 892ms
200 /api/search?limit=250&pd=1&seed=187895 8761ms
200 /api/shard-e?limit=250&pd=1&seed=45486&offset=0 723ms
200 /api/search?limit=250&pd=1&seed=45486 9489ms
200 /api/auth 0ms
200 /api/shard-a?op=status 0ms
200 /api/shard-b?op=status 0ms
200 /api/shard-c?op=status 0ms
200 /api/shard-e?op=status 0ms
200 /api/shard-d?op=status 0ms
200 /api/shard-e?limit=250&pd=1&seed=187895&offset=0 772ms
200 /api/status 8281ms
200 /api/search?limit=250&pd=1&seed=187895 8283ms
200 /api/shard-a?q=cat&limit=250&pd=1&seed=187895&offset=0 45ms
200 /api/shard-b?q=cat&limit=250&pd=1&seed=187895&offset=0 11ms
200 /api/shard-c?q=cat&limit=250&pd=1&seed=187895&offset=0 27ms
200 /api/shard-d?q=cat&limit=250&pd=1&seed=187895&offset=0 22ms
200 /api/shard-e?q=cat&limit=250&pd=1&seed=187895&offset=0 308ms
200 /api/search?q=cat&limit=250&pd=1&seed=187895 4689ms
200 /api/shard-c?op=status 1ms
200 /api/shard-d?op=status 0ms
200 /api/shard-e?op=status 0ms
200 /api/shard-b?op=status 0ms
200 /api/shard-a?op=status 1ms
200 /api/status 7ms
200 /api/shard-c?op=item&id=si%3Anmah_1855838 1ms
200 /api/shard-a?q=zzzqqxnonsense&limit=250&pd=1&seed=187895&offset=0 1ms
200 /api/shard-b?q=zzzqqxnonsense&limit=250&pd=1&seed=187895&offset=0 1ms
200 /api/shard-c?q=zzzqqxnonsense&limit=250&pd=1&seed=187895&offset=0 1ms
200 /api/shard-d?q=zzzqqxnonsense&limit=250&pd=1&seed=187895&offset=0 1ms
200 /api/shard-e?q=zzzqqxnonsense&limit=250&pd=1&seed=187895&offset=0 1ms
200 /api/search?q=zzzqqxnonsense&limit=250&pd=1&seed=187895 5ms
200 /api/image?id=si%3Anmah_1855838&size=thumb 333ms
200 /api/shard-c?op=item&id=si%3Anmah_314997 0ms
200 /api/shard-c?op=item&id=si%3Ahmsg_83.69 0ms
200 /api/shard-c?op=item&id=si%3Asaam_1967.59.442 0ms
200 /api/shard-c?op=item&id=si%3Asaam_2000.83.59 1ms
200 /api/shard-c?op=item&id=si%3Anmah_1855704 0ms
200 /api/image?id=si%3Anmah_314997&size=thumb 293ms
200 /api/image?id=si%3Ahmsg_83.69&size=thumb 304ms
200 /api/image?id=si%3Asaam_1967.59.442&size=thumb 275ms
200 /api/image?id=si%3Asaam_2000.83.59&size=thumb 265ms
200 /api/image?id=si%3Anmah_1855704&size=thumb 274ms
200 /api/shard-b?q=cat&limit=250&pd=1&seed=187895&offset=0 51ms
200 /api/shard-a?q=cat&limit=250&pd=1&seed=187895&offset=0 53ms
200 /api/shard-c?q=cat&limit=250&pd=1&seed=187895&offset=0 37ms
200 /api/shard-d?q=cat&limit=250&pd=1&seed=187895&offset=0 29ms
200 /api/shard-e?q=cat&limit=250&pd=1&seed=187895&offset=0 27ms
200 /api/search?q=cat&limit=250&pd=1&seed=187895 219ms
200 /api/shard-d?op=item&id=aic%3A133699 1ms
200 /api/auth 0ms
200 /api/shard-a?q=cat&limit=250&from=1800&to=1900&pd=1&seed=443981&offset=0 4ms
200 /api/shard-b?q=cat&limit=250&from=1800&to=1900&pd=1&seed=443981&offset=0 1ms
200 /api/shard-c?q=cat&limit=250&from=1800&to=1900&pd=1&seed=443981&offset=0 15ms
200 /api/shard-d?q=cat&limit=250&from=1800&to=1900&pd=1&seed=443981&offset=0 4ms
200 /api/shard-a?q=cat&limit=250&from=1800&to=1900&pd=1&seed=443981&offset=0 2ms
200 /api/auth 0ms
200 /api/shard-e?q=cat&limit=250&from=1800&to=1900&pd=1&seed=443981&offset=0 8ms
200 /api/search?q=cat&limit=250&from=1800&to=1900&pd=1&seed=443981 47ms
200 /api/shard-c?q=cat&limit=250&from=1800&to=1900&pd=1&seed=443981&offset=0 8ms
200 /api/shard-b?q=cat&limit=250&from=1800&to=1900&pd=1&seed=443981&offset=0 1ms
200 /api/shard-e?q=cat&limit=250&from=1800&to=1900&pd=1&seed=443981&offset=0 4ms
200 /api/shard-d?q=cat&limit=250&from=1800&to=1900&pd=1&seed=443981&offset=0 6ms
200 /api/shard-a?op=status 0ms
200 /api/search?q=cat&limit=250&from=1800&to=1900&pd=1&seed=443981 45ms
200 /api/shard-b?op=status 0ms
200 /api/shard-d?op=status 1ms
200 /api/shard-c?op=status 0ms
200 /api/shard-e?op=status 0ms
200 /api/status 39ms
200 /api/shard-a?op=status 0ms
200 /api/shard-b?op=status 0ms
200 /api/shard-c?op=status 0ms
200 /api/shard-d?op=status 0ms
200 /api/shard-e?op=status 0ms
200 /api/status 1ms
302 /api/image?id=aic%3A133699&size=thumb 217ms
200 /api/shard-a?q=cat&limit=500&offset=0&from=1800&to=1900&pd=1&seed=443981 3ms
200 /api/shard-b?q=cat&limit=500&offset=0&from=1800&to=1900&pd=1&seed=443981 1ms
200 /api/shard-c?q=cat&limit=500&offset=0&from=1800&to=1900&pd=1&seed=443981 20ms
200 /api/shard-d?q=cat&limit=500&offset=0&from=1800&to=1900&pd=1&seed=443981 5ms
200 /api/shard-e?q=cat&limit=500&offset=0&from=1800&to=1900&pd=1&seed=443981 6ms
200 /api/search?q=cat&limit=250&offset=250&from=1800&to=1900&pd=1&seed=443981 39ms
200 /api/shard-c?op=item&id=si%3Asaam_1973.130.8 0ms
200 /api/shard-c?op=item&id=si%3Anmah_1855836 1ms
200 /api/shard-c?op=item&id=si%3Asaam_1972.52 1ms
200 /api/shard-c?op=item&id=si%3Asaam_1996.63.77 1ms
200 /api/image?id=si%3Asaam_1973.130.8&size=thumb 343ms
200 /api/image?id=si%3Anmah_1855836&size=thumb 413ms
200 /api/shard-c?op=item&id=si%3Anmah_1855701 1ms
200 /api/shard-c?op=item&id=si%3Anpm_2010.2019.8 0ms
200 /api/image?id=si%3Asaam_1972.52&size=thumb 528ms
200 /api/image?id=si%3Asaam_1996.63.77&size=thumb 528ms
200 /api/shard-c?op=item&id=si%3Anpg_NPG.77.115 1ms
200 /api/shard-c?op=item&id=si%3Asaam_1983.90.203 1ms
200 /api/image?id=si%3Anmah_1855701&size=thumb 378ms
200 /api/shard-c?op=item&id=si%3Achndm_1912-16-125 0ms
200 /api/image?id=si%3Anpm_2010.2019.8&size=thumb 287ms
200 /api/shard-c?op=item&id=si%3Asaam_1986.65.349 1ms
200 /api/image?id=si%3Anpg_NPG.77.115&size=thumb 277ms
200 /api/image?id=si%3Asaam_1983.90.203&size=thumb 292ms
200 /api/shard-c?op=item&id=si%3Achndm_1912-12-58 0ms
200 /api/image?id=si%3Achndm_1912-16-125&size=thumb 280ms
200 /api/image?id=si%3Asaam_1986.65.349&size=thumb 286ms
200 /api/image?id=si%3Achndm_1912-12-58&size=thumb 270ms
200 /api/shard-c?op=item&id=si%3Anmaahc_2016.5.2.31 0ms
200 /api/shard-c?op=item&id=si%3Achndm_1938-57-1070-219 1ms
200 /api/shard-c?op=item&id=si%3Asaam_1967.67.3 2ms
200 /api/image?id=si%3Anmaahc_2016.5.2.31&size=thumb 275ms
200 /api/shard-c?op=item&id=si%3Achndm_1925-2-364-a 1ms
200 /api/shard-c?op=item&id=si%3Asaam_1980.90.1 1ms
200 /api/image?id=si%3Asaam_1967.67.3&size=thumb 280ms
200 /api/image?id=si%3Achndm_1938-57-1070-219&size=thumb 457ms
200 /api/shard-c?op=item&id=si%3Achndm_1938-57-1070-233 0ms
200 /api/shard-c?op=item&id=si%3Asaam_1974.69.22 1ms
200 /api/image?id=si%3Asaam_1980.90.1&size=thumb 301ms
200 /api/image?id=si%3Achndm_1925-2-364-a&size=thumb 457ms
200 /api/shard-c?op=item&id=si%3Asaam_1983.90.202 1ms
200 /api/shard-c?op=item&id=si%3Achndm_1942-19-10-a_b 2ms
200 /api/image?id=si%3Achndm_1938-57-1070-233&size=thumb 275ms
200 /api/image?id=si%3Asaam_1974.69.22&size=thumb 293ms
200 /api/shard-c?op=item&id=si%3Asaam_1942.11.7 0ms
200 /api/shard-c?op=item&id=si%3Afsg_F1899.51a-b 1ms
200 /api/image?id=si%3Asaam_1983.90.202&size=thumb 407ms
200 /api/image?id=si%3Asaam_1942.11.7&size=thumb 293ms
200 /api/image?id=si%3Achndm_1942-19-10-a_b&size=thumb 392ms
200 /api/image?id=si%3Afsg_F1899.51a-b&size=thumb 269ms
200 /api/shard-c?op=item&id=si%3Achndm_1949-39-1 1ms
200 /api/shard-c?op=item&id=si%3Achndm_1942-73-1 1ms
200 /api/shard-c?op=item&id=si%3Anmah_1855700 0ms
200 /api/shard-c?op=item&id=si%3Ahmsg_83.69 1ms
200 /api/image?id=si%3Anmah_1855700&size=thumb 277ms
200 /api/image?id=si%3Achndm_1942-73-1&size=thumb 286ms
200 /api/image?id=si%3Ahmsg_83.69&size=thumb 272ms
200 /api/image?id=si%3Achndm_1949-39-1&size=thumb 351ms
200 /api/shard-c?op=item&id=si%3Anpg_NPG.77.34 0ms
200 /api/shard-c?op=item&id=si%3Achndm_1986-113-1 0ms
200 /api/shard-c?op=item&id=si%3Afsg_F1904.256 1ms
200 /api/shard-c?op=item&id=si%3Anmah_1855704 1ms
200 /api/image?id=si%3Afsg_F1904.256&size=thumb 307ms
200 /api/image?id=si%3Anmah_1855704&size=thumb 268ms
200 /api/image?id=si%3Achndm_1986-113-1&size=thumb 451ms
200 /api/image?id=si%3Anpg_NPG.77.34&size=thumb 529ms
200 /api/shard-c?op=item&id=si%3Anmah_1855703 1ms
200 /api/shard-c?op=item&id=si%3Anmaahc_2014.312.113 1ms
200 /api/shard-c?op=item&id=si%3Anmah_1954873 0ms
200 /api/shard-c?op=item&id=si%3Anmah_1855702 1ms
200 /api/shard-c?op=item&id=si%3Anmah_1855837 0ms
200 /api/shard-c?op=item&id=si%3Ahmsg_83.66 0ms
200 /api/image?id=si%3Anmah_1855703&size=thumb 273ms
200 /api/image?id=si%3Anmaahc_2014.312.113&size=thumb 277ms
200 /api/image?id=si%3Anmah_1954873&size=thumb 293ms
200 /api/shard-c?op=item&id=si%3Asaam_1972.84.102 0ms
200 /api/shard-c?op=item&id=si%3Achndm_1938-57-1070-221 0ms
200 /api/image?id=si%3Anmah_1855837&size=thumb 268ms
200 /api/image?id=si%3Anmah_1855702&size=thumb 354ms
200 /api/image?id=si%3Ahmsg_83.66&size=thumb 390ms
200 /api/shard-c?op=item&id=si%3Asaam_1961.11.10 0ms
200 /api/shard-c?op=item&id=si%3Anmah_324673 0ms
200 /api/shard-c?op=item&id=si%3Anmah_1005395 0ms
200 /api/image?id=si%3Asaam_1972.84.102&size=thumb 275ms
200 /api/shard-c?op=item&id=si%3Achndm_1938-57-1070-222 0ms
200 /api/image?id=si%3Achndm_1938-57-1070-221&size=thumb 377ms
200 /api/shard-c?op=item&id=si%3Achndm_1957-58-63 2ms
200 /api/image?id=si%3Anmah_324673&size=thumb 263ms
200 /api/image?id=si%3Asaam_1961.11.10&size=thumb 296ms
200 /api/shard-c?op=item&id=si%3Achndm_1982-23-1333 0ms
200 /api/image?id=si%3Anmah_1005395&size=thumb 287ms
200 /api/shard-c?op=item&id=si%3Asaam_1952.10.1 1ms
200 /api/image?id=si%3Achndm_1938-57-1070-222&size=thumb 284ms
200 /api/shard-c?op=item&id=si%3Achndm_1938-57-1070-191 1ms
200 /api/shard-c?op=item&id=si%3Anpg_NPG.86.67 1ms
200 /api/image?id=si%3Achndm_1982-23-1333&size=thumb 284ms
200 /api/shard-c?op=item&id=si%3Asaam_1958.11.20 1ms
200 /api/image?id=si%3Asaam_1952.10.1&size=thumb 275ms
200 /api/shard-c?op=item&id=si%3Achndm_1938-57-1070-220 0ms
200 /api/image?id=si%3Achndm_1957-58-63&size=thumb 423ms
200 /api/shard-c?op=item&id=si%3Achndm_1948-124-3 0ms
200 /api/image?id=si%3Anpg_NPG.86.67&size=thumb 272ms
200 /api/shard-c?op=item&id=si%3Achndm_1996-56-49 0ms
200 /api/image?id=si%3Achndm_1938-57-1070-191&size=thumb 439ms
200 /api/image?id=si%3Asaam_1958.11.20&size=thumb 307ms
200 /api/shard-c?op=item&id=si%3Achndm_1917-4-831 0ms
200 /api/shard-c?op=item&id=si%3Asaam_1918.5.16 1ms
200 /api/shard-c?op=item&id=si%3Achndm_1931-44-34-a 2ms
200 /api/shard-c?op=item&id=si%3Anpg_S_NPG.79.52 1ms
200 /api/image?id=si%3Achndm_1938-57-1070-220&size=thumb 418ms
200 /api/auth 0ms
200 /api/shard-a?q=cat&limit=250&from=2000&to=1800&pd=1&seed=319546&offset=0 2ms
200 /api/shard-b?q=cat&limit=250&from=2000&to=1800&pd=1&seed=319546&offset=0 2ms
200 /api/image?id=si%3Achndm_1996-56-49&size=thumb 347ms
200 /api/auth 0ms
200 /api/shard-a?q=cat&limit=250&from=2000&to=1800&pd=1&seed=319546&offset=0 1ms
200 /api/shard-b?q=cat&limit=250&from=2000&to=1800&pd=1&seed=319546&offset=0 1ms
200 /api/shard-d?q=cat&limit=250&from=2000&to=1800&pd=1&seed=319546&offset=0 2ms
200 /api/shard-c?q=cat&limit=250&from=2000&to=1800&pd=1&seed=319546&offset=0 7ms
200 /api/shard-e?q=cat&limit=250&from=2000&to=1800&pd=1&seed=319546&offset=0 4ms
200 /api/search?q=cat&limit=250&from=2000&to=1800&pd=1&seed=319546 26ms
200 /api/shard-c?q=cat&limit=250&from=2000&to=1800&pd=1&seed=319546&offset=0 2ms
200 /api/shard-d?q=cat&limit=250&from=2000&to=1800&pd=1&seed=319546&offset=0 1ms
200 /api/shard-e?q=cat&limit=250&from=2000&to=1800&pd=1&seed=319546&offset=0 1ms
200 /api/search?q=cat&limit=250&from=2000&to=1800&pd=1&seed=319546 25ms
200 /api/shard-b?op=status 1ms
200 /api/image?id=si%3Achndm_1948-124-3&size=thumb 425ms
200 /api/shard-a?op=status 0ms
200 /api/shard-d?op=status 0ms
200 /api/shard-c?op=status 0ms
200 /api/shard-e?op=status 0ms
200 /api/status 24ms
200 /api/shard-a?op=status 0ms
200 /api/shard-b?op=status 0ms
200 /api/shard-c?op=status 0ms
200 /api/shard-d?op=status 0ms
200 /api/shard-e?op=status 0ms
200 /api/status 2ms
200 /api/image?id=si%3Achndm_1917-4-831&size=thumb 291ms
200 /api/image?id=si%3Asaam_1918.5.16&size=thumb 364ms
200 /api/image?id=si%3Achndm_1931-44-34-a&size=thumb 369ms
200 /api/image?id=si%3Anpg_S_NPG.79.52&size=thumb 451ms
200 /api/shard-b?q=cat&limit=250&from=1800&to=2000&pd=1&seed=319546&offset=0 34ms
200 /api/shard-a?q=cat&limit=250&from=1800&to=2000&pd=1&seed=319546&offset=0 28ms
200 /api/shard-d?q=cat&limit=250&from=1800&to=2000&pd=1&seed=319546&offset=0 11ms
200 /api/shard-c?q=cat&limit=250&from=1800&to=2000&pd=1&seed=319546&offset=0 44ms
200 /api/shard-e?q=cat&limit=250&from=1800&to=2000&pd=1&seed=319546&offset=0 23ms
200 /api/search?q=cat&limit=250&from=1800&to=2000&pd=1&seed=319546 156ms
200 /api/shard-c?op=item&id=si%3Asaam_1967.59.442 1ms
200 /api/image?id=si%3Asaam_1967.59.442&size=thumb 271ms
200 /api/auth 0ms
200 /api/auth 0ms
200 /api/shard-a?limit=250&pd=1&seed=930530&offset=0 899ms
200 /api/shard-b?limit=250&pd=1&seed=930530&offset=0 652ms
200 /api/shard-c?limit=250&pd=1&seed=930530&offset=0 465ms
200 /api/shard-d?limit=250&pd=1&seed=930530&offset=0 313ms
200 /api/shard-e?limit=250&pd=1&seed=930530&offset=0 706ms
200 /api/shard-a?op=status 0ms
200 /api/search?limit=250&pd=1&seed=930530 3056ms
200 /api/shard-b?op=status 1ms
200 /api/shard-c?op=status 0ms
200 /api/shard-d?op=status 0ms
200 /api/shard-e?op=status 0ms
200 /api/status 3057ms
200 /api/shard-a?limit=250&pd=1&seed=930530&offset=0 873ms
200 /api/shard-b?limit=250&pd=1&seed=930530&offset=0 289ms
200 /api/shard-c?limit=250&pd=1&seed=930530&offset=0 317ms
200 /api/shard-d?limit=250&pd=1&seed=930530&offset=0 324ms
200 /api/auth 0ms
200 /api/shard-e?limit=250&pd=1&seed=930530&offset=0 715ms
200 /api/search?limit=250&pd=1&seed=930530 2528ms
200 /api/shard-a?limit=250&pd=1&seed=187061&offset=0 877ms
200 /api/shard-b?limit=250&pd=1&seed=187061&offset=0 268ms
200 /api/shard-c?limit=250&pd=1&seed=187061&offset=0 275ms
200 /api/shard-d?limit=250&pd=1&seed=187061&offset=0 312ms
200 /api/shard-e?limit=250&pd=1&seed=187061&offset=0 699ms
200 /api/shard-a?op=status 1ms
200 /api/shard-b?op=status 0ms
200 /api/shard-c?op=status 0ms
200 /api/shard-d?op=status 0ms
200 /api/search?limit=250&pd=1&seed=187061 2443ms
200 /api/shard-a?limit=250&pd=1&seed=187061&offset=0 1189ms
200 /api/shard-a?q=cat&limit=250&pd=1&seed=187061&offset=0 50ms
200 /api/shard-b?q=cat&limit=250&pd=1&seed=187061&offset=0 8ms
200 /api/shard-c?q=cat&limit=250&pd=1&seed=187061&offset=0 29ms
200 /api/auth 0ms
200 /api/shard-e?op=status 1ms
200 /api/status 1294ms
200 /api/shard-b?limit=250&pd=1&seed=187061&offset=0 367ms
200 /api/shard-d?limit=250&pd=1&seed=187061&offset=0 430ms
200 /api/shard-c?limit=250&pd=1&seed=187061&offset=0 350ms
200 /api/shard-e?limit=250&pd=1&seed=187061&offset=0 763ms
200 /api/shard-e?q=cat&limit=250&pd=1&seed=187061&offset=0 23ms
200 /api/search?limit=250&pd=1&seed=187061 3231ms
200 /api/shard-d?q=cat&limit=250&pd=1&seed=187061&offset=0 21ms
200 /api/search?q=cat&limit=250&pd=1&seed=187061 2062ms
200 /api/shard-a?op=status 0ms
200 /api/shard-b?op=status 0ms
200 /api/shard-c?op=status 0ms
200 /api/shard-d?op=status 0ms
200 /api/shard-e?op=status 0ms
200 /api/status 4ms
200 /api/shard-c?op=item&id=si%3Asaam_2000.83.59 0ms
200 /api/image?id=si%3Asaam_2000.83.59&size=thumb 447ms
200 /api/shard-c?op=item&id=si%3Anmah_1855704 1ms
200 /api/shard-c?op=item&id=si%3Asaam_1967.59.442 1ms
200 /api/shard-c?op=item&id=si%3Anmah_1855838 0ms
200 /api/shard-c?op=item&id=si%3Anmah_314997 1ms
200 /api/shard-d?op=item&id=aic%3A133699 1ms
200 /api/shard-c?op=item&id=si%3Ahmsg_83.69 1ms
200 /api/image?id=si%3Anmah_1855704&size=thumb 260ms
200 /api/image?id=si%3Asaam_1967.59.442&size=thumb 270ms
302 /api/image?id=aic%3A133699&size=thumb 207ms
200 /api/shard-c?op=item&id=si%3Asaam_1973.130.192 0ms
200 /api/shard-c?op=item&id=si%3Anmah_1855702 1ms
200 /api/image?id=si%3Anmah_314997&size=thumb 269ms
200 /api/image?id=si%3Anmah_1855838&size=thumb 270ms
200 /api/image?id=si%3Ahmsg_83.69&size=thumb 255ms
200 /api/shard-c?op=item&id=si%3Anmah_1855700 0ms
200 /api/shard-c?op=item&id=si%3Anmah_1855701 0ms
200 /api/shard-c?op=item&id=si%3Anmah_1855837 0ms
200 /api/shard-c?op=item&id=si%3Anmah_1855703 0ms
200 /api/image?id=si%3Asaam_1973.130.192&size=thumb 274ms
200 /api/image?id=si%3Anmah_1855702&size=thumb 272ms
200 /api/image?id=si%3Anmah_1855700&size=thumb 270ms
200 /api/image?id=si%3Anmah_1855701&size=thumb 271ms
200 /api/image?id=si%3Anmah_1855837&size=thumb 257ms
200 /api/shard-c?op=item&id=si%3Anmah_1954873 1ms
200 /api/shard-c?op=item&id=si%3Achndm_1948-132-2 0ms
200 /api/image?id=si%3Anmah_1855703&size=thumb 257ms
200 /api/shard-c?op=item&id=si%3Asaam_1986.65.349 1ms
200 /api/shard-c?op=item&id=si%3Anmah_1855836 1ms
200 /api/shard-c?op=item&id=si%3Anmaahc_2014.312.113 2ms
200 /api/image?id=si%3Anmah_1954873&size=thumb 275ms
200 /api/image?id=si%3Asaam_1986.65.349&size=thumb 258ms
200 /api/image?id=si%3Achndm_1948-132-2&size=thumb 282ms
200 /api/image?id=si%3Anmah_1855836&size=thumb 273ms
200 /api/image?id=si%3Anmaahc_2014.312.113&size=thumb 280ms
200 /api/auth 0ms
200 /api/shard-a?q=cat&limit=250&pd=1&seed=423332&offset=0 11ms
200 /api/shard-b?q=cat&limit=250&pd=1&seed=423332&offset=0 2ms
200 /api/shard-c?q=cat&limit=250&pd=1&seed=423332&offset=0 7ms
200 /api/shard-d?q=cat&limit=250&pd=1&seed=423332&offset=0 6ms
200 /api/shard-e?q=cat&limit=250&pd=1&seed=423332&offset=0 9ms
200 /api/search?q=cat&limit=250&pd=1&seed=423332 46ms
200 /api/auth 0ms
200 /api/shard-a?q=cat&limit=250&pd=1&seed=423332&offset=0 5ms
200 /api/shard-b?q=cat&limit=250&pd=1&seed=423332&offset=0 1ms
200 /api/shard-c?q=cat&limit=250&pd=1&seed=423332&offset=0 7ms
200 /api/shard-d?q=cat&limit=250&pd=1&seed=423332&offset=0 6ms
200 /api/shard-e?q=cat&limit=250&pd=1&seed=423332&offset=0 6ms
200 /api/search?q=cat&limit=250&pd=1&seed=423332 33ms
200 /api/shard-b?op=status 0ms
200 /api/shard-a?op=status 0ms
200 /api/shard-c?op=status 0ms
200 /api/shard-d?op=status 0ms
200 /api/shard-e?op=status 0ms
200 /api/status 14ms
200 /api/shard-a?op=status 0ms
200 /api/shard-b?op=status 0ms
200 /api/shard-c?op=status 0ms
200 /api/shard-d?op=status 0ms
200 /api/shard-e?op=status 0ms
200 /api/status 2ms
200 /api/shard-c?op=item&id=si%3Anmah_1954873 1ms
200 /api/image?id=si%3Anmah_1954873&size=thumb 285ms
200 /api/auth 0ms
200 /api/auth 0ms
200 /api/auth 0ms
200 /api/auth 0ms
200 /api/shard-a?op=status 0ms
200 /api/shard-b?op=status 1ms
200 /api/shard-c?op=status 0ms
200 /api/shard-d?op=status 0ms
200 /api/shard-e?op=status 0ms
200 /api/status 1ms
200 /api/shard-a?op=status 0ms
200 /api/shard-b?op=status 0ms
200 /api/shard-c?op=status 0ms
200 /api/shard-d?op=status 1ms
200 /api/shard-e?op=status 0ms
200 /api/status 2ms
200 /api/auth 2ms
200 /api/auth 0ms
200 /api/shard-b?op=status 4ms
200 /api/shard-a?op=status 1ms
200 /api/shard-c?op=status 1ms
200 /api/shard-d?op=status 1ms
200 /api/shard-e?op=status 1ms
200 /api/status 13ms
200 /api/shard-a?op=status 0ms
200 /api/shard-b?op=status 0ms
200 /api/shard-c?op=status 0ms
200 /api/shard-d?op=status 0ms
200 /api/shard-e?op=status 0ms
200 /api/status 1ms
200 /api/auth 1ms
200 /api/auth 0ms
200 /api/shard-a?op=status 1ms
200 /api/shard-b?op=status 0ms
200 /api/shard-c?op=status 1ms
200 /api/shard-e?op=status 0ms
200 /api/shard-d?op=status 1ms
200 /api/status 6ms
200 /api/shard-a?op=status 0ms
200 /api/shard-b?op=status 0ms
200 /api/shard-c?op=status 1ms
200 /api/shard-d?op=status 0ms
200 /api/shard-e?op=status 0ms
200 /api/status 1ms
200 /api/auth 0ms
200 /api/shard-a?op=status 3ms
200 /api/shard-b?op=status 0ms
200 /api/shard-c?op=status 0ms
200 /api/shard-d?op=status 1ms
200 /api/shard-e?op=status 1ms
200 /api/status 13ms
200 /api/auth 0ms
200 /api/shard-a?op=status 0ms
200 /api/shard-b?op=status 1ms
200 /api/shard-c?op=status 0ms
200 /api/shard-d?op=status 0ms
200 /api/shard-e?op=status 0ms
200 /api/status 3ms
200 /api/auth 5ms
200 /api/auth 0ms
200 /api/shard-b?op=status 2ms
200 /api/shard-a?op=status 1ms
200 /api/shard-c?op=status 0ms
200 /api/shard-e?op=status 0ms
200 /api/shard-d?op=status 1ms
200 /api/status 8ms
200 /api/shard-b?limit=250&pd=1&seed=63396&offset=0 747ms
200 /api/shard-a?limit=250&pd=1&seed=63396&offset=0 3412ms
200 /api/shard-d?limit=250&pd=1&seed=63396&offset=0 990ms
200 /api/shard-c?limit=250&pd=1&seed=63396&offset=0 723ms
200 /api/shard-e?limit=250&pd=1&seed=63396&offset=0 1538ms
200 /api/search?limit=250&pd=1&seed=63396 7430ms
200 /api/shard-a?op=status 0ms
200 /api/shard-c?op=status 0ms
200 /api/shard-d?op=status 0ms
200 /api/shard-e?op=status 0ms
200 /api/auth 0ms
200 /api/shard-a?limit=250&pd=1&seed=268622&offset=0 1029ms
200 /api/shard-b?limit=250&pd=1&seed=268622&offset=0 686ms
200 /api/shard-c?limit=250&pd=1&seed=268622&offset=0 342ms
200 /api/shard-d?limit=250&pd=1&seed=268622&offset=0 1231ms
200 /api/auth 0ms
200 /api/shard-b?limit=250&pd=1&seed=63396&offset=0 300ms
200 /api/shard-a?limit=250&pd=1&seed=63396&offset=0 1026ms
200 /api/shard-d?limit=250&pd=1&seed=63396&offset=0 570ms
200 /api/shard-c?limit=250&pd=1&seed=63396&offset=0 423ms
200 /api/shard-b?op=status 1ms
200 /api/status 5632ms
200 /api/shard-e?limit=250&pd=1&seed=63396&offset=0 2050ms
200 /api/search?limit=250&pd=1&seed=63396 7686ms
200 /api/shard-a?op=status 0ms
200 /api/shard-b?op=status 0ms
200 /api/shard-c?op=status 1ms
200 /api/shard-d?op=status 0ms
200 /api/shard-e?op=status 0ms
200 /api/status 7688ms
200 /api/shard-e?limit=250&pd=1&seed=268622&offset=0 1159ms
200 /api/search?limit=250&pd=1&seed=268622 8855ms
200 /api/shard-a?limit=250&pd=1&seed=268622&offset=0 1222ms
200 /api/shard-b?limit=250&pd=1&seed=268622&offset=0 751ms
200 /api/shard-c?limit=250&pd=1&seed=268622&offset=0 801ms
200 /api/shard-d?limit=250&pd=1&seed=268622&offset=0 1029ms
200 /api/shard-e?limit=250&pd=1&seed=268622&offset=0 818ms
200 /api/search?limit=250&pd=1&seed=268622 10219ms
200 /api/shard-a?op=status 0ms
200 /api/shard-c?op=status 0ms
200 /api/shard-b?op=status 0ms
200 /api/auth 0ms
200 /api/shard-e?op=status 0ms
200 /api/shard-d?op=status 0ms
200 /api/auth 0ms
200 /api/status 10215ms
200 /api/auth 0ms
200 /api/shard-b?limit=250&pd=1&seed=411771&offset=0 329ms
200 /api/shard-c?limit=250&pd=1&seed=411771&offset=0 356ms
200 /api/shard-d?limit=250&pd=1&seed=411771&offset=0 633ms
200 /api/shard-e?limit=250&pd=1&seed=411771&offset=0 1348ms
200 /api/shard-a?op=status 0ms
200 /api/shard-b?op=status 0ms
200 /api/shard-c?op=status 1ms
200 /api/shard-d?op=status 0ms
200 /api/shard-e?op=status 0ms
200 /api/status 21ms
200 /api/shard-a?limit=250&pd=1&seed=411771&offset=0 3275ms
200 /api/auth 0ms
200 /api/shard-e?op=status 0ms
200 /api/shard-a?op=status 0ms
200 /api/shard-b?op=status 0ms
200 /api/shard-c?op=status 1ms
200 /api/shard-d?op=status 0ms
200 /api/shard-a?limit=250&pd=1&seed=458097&offset=0 1040ms
200 /api/shard-e?op=status 0ms
200 /api/status 7026ms
200 /api/shard-c?limit=250&pd=1&seed=458097&offset=0 401ms
200 /api/shard-b?limit=250&pd=1&seed=458097&offset=0 462ms
200 /api/shard-e?limit=250&pd=1&seed=458097&offset=0 966ms
200 /api/shard-d?limit=250&pd=1&seed=458097&offset=0 3201ms
200 /api/shard-b?limit=250&pd=1&seed=458097&offset=0 351ms
200 /api/search?limit=250&pd=1&seed=458097 12419ms
200 /api/shard-a?limit=250&pd=1&seed=458097&offset=0 1133ms
200 /api/shard-d?limit=250&pd=1&seed=458097&offset=0 457ms
200 /api/shard-c?limit=250&pd=1&seed=458097&offset=0 358ms
200 /api/shard-a?limit=250&pd=1&seed=411771&offset=0 1056ms
200 /api/search?limit=250&pd=1&seed=411771 15435ms
200 /api/shard-e?limit=250&pd=1&seed=458097&offset=0 868ms
200 /api/search?limit=250&pd=1&seed=458097 16307ms
200 /api/shard-b?limit=250&pd=1&seed=411771&offset=0 308ms
200 /api/shard-d?limit=250&pd=1&seed=411771&offset=0 372ms
200 /api/shard-e?limit=250&pd=1&seed=411771&offset=0 962ms
200 /api/shard-c?limit=250&pd=1&seed=411771&offset=0 326ms
200 /api/auth 0ms
200 /api/search?limit=250&pd=1&seed=411771 15595ms
200 /api/shard-d?op=status 0ms
200 /api/shard-b?op=status 0ms
200 /api/shard-c?op=status 0ms
200 /api/shard-a?op=status 0ms
200 /api/status 12310ms
200 /api/auth 2ms
200 /api/auth 0ms
200 /api/shard-a?op=status 0ms
200 /api/shard-b?op=status 1ms
200 /api/shard-d?op=status 0ms
200 /api/shard-c?op=status 0ms
200 /api/shard-e?op=status 0ms
200 /api/status 8ms
200 /api/shard-b?limit=250&pd=1&seed=58908&offset=0 306ms
200 /api/shard-a?limit=250&pd=1&seed=58908&offset=0 3481ms
200 /api/shard-c?limit=250&pd=1&seed=58908&offset=0 702ms
200 /api/shard-d?limit=250&pd=1&seed=58908&offset=0 999ms
200 /api/shard-e?limit=250&pd=1&seed=58908&offset=0 1535ms
200 /api/search?limit=250&pd=1&seed=58908 7048ms
200 /api/shard-a?op=status 0ms
200 /api/shard-c?op=status 0ms
200 /api/shard-d?op=status 1ms
200 /api/shard-e?op=status 0ms
200 /api/auth 0ms
200 /api/shard-a?limit=250&pd=1&seed=76329&offset=0 1414ms
200 /api/shard-b?limit=250&pd=1&seed=76329&offset=0 688ms
200 /api/shard-c?limit=250&pd=1&seed=76329&offset=0 352ms
200 /api/shard-d?limit=250&pd=1&seed=76329&offset=0 433ms
200 /api/shard-b?limit=250&pd=1&seed=58908&offset=0 309ms
200 /api/shard-a?limit=250&pd=1&seed=58908&offset=0 958ms
200 /api/shard-c?limit=250&pd=1&seed=58908&offset=0 305ms
200 /api/shard-d?limit=250&pd=1&seed=58908&offset=0 359ms
200 /api/shard-b?op=status 0ms
200 /api/shard-e?limit=250&pd=1&seed=58908&offset=0 823ms
200 /api/status 5670ms
200 /api/search?limit=250&pd=1&seed=58908 5673ms
200 /api/auth 0ms
200 /api/shard-a?op=status 0ms
200 /api/shard-c?op=status 1ms
200 /api/shard-b?op=status 0ms
200 /api/shard-d?op=status 0ms
200 /api/shard-e?op=status 0ms
200 /api/shard-e?limit=250&pd=1&seed=76329&offset=0 768ms
200 /api/status 6442ms
200 /api/search?limit=250&pd=1&seed=76329 6442ms
200 /api/shard-a?limit=250&pd=1&seed=76329&offset=0 954ms
200 /api/shard-b?limit=250&pd=1&seed=76329&offset=0 296ms
200 /api/shard-d?limit=250&pd=1&seed=76329&offset=0 333ms
200 /api/shard-c?limit=250&pd=1&seed=76329&offset=0 290ms
200 /api/shard-e?limit=250&pd=1&seed=76329&offset=0 783ms
200 /api/search?limit=250&pd=1&seed=76329 6218ms
200 /api/shard-a?q=cat&limit=250&pd=1&seed=76329&offset=0 38ms
200 /api/shard-b?q=cat&limit=250&pd=1&seed=76329&offset=0 9ms
200 /api/shard-c?q=cat&limit=250&pd=1&seed=76329&offset=0 24ms
200 /api/shard-d?q=cat&limit=250&pd=1&seed=76329&offset=0 23ms
200 /api/shard-e?q=cat&limit=250&pd=1&seed=76329&offset=0 24ms
200 /api/search?q=cat&limit=250&pd=1&seed=76329 6334ms
200 /api/shard-a?op=status 0ms
200 /api/shard-b?op=status 0ms
200 /api/shard-d?op=status 0ms
200 /api/shard-c?op=status 0ms
200 /api/shard-e?op=status 0ms
200 /api/status 4ms
200 /api/shard-d?op=item&id=met%3A544118 1ms
200 /api/image?id=met%3A544118&size=orig 85ms
200 /api/auth 0ms
200 /api/auth 0ms
200 /api/shard-b?limit=250&pd=1&seed=440067&offset=0 298ms
200 /api/shard-a?limit=250&pd=1&seed=440067&offset=0 899ms
200 /api/shard-c?limit=250&pd=1&seed=440067&offset=0 309ms
200 /api/shard-d?limit=250&pd=1&seed=440067&offset=0 337ms
200 /api/shard-a?op=status 0ms
200 /api/shard-e?limit=250&pd=1&seed=440067&offset=0 754ms
200 /api/search?limit=250&pd=1&seed=440067 2610ms
200 /api/shard-a?limit=250&pd=1&seed=440067&offset=0 905ms
200 /api/shard-b?limit=250&pd=1&seed=440067&offset=0 278ms
200 /api/shard-c?limit=250&pd=1&seed=440067&offset=0 301ms
200 /api/shard-d?limit=250&pd=1&seed=440067&offset=0 331ms
200 /api/shard-e?limit=250&pd=1&seed=440067&offset=0 795ms
200 /api/search?limit=250&pd=1&seed=440067 2621ms
200 /api/shard-c?op=status 0ms
200 /api/shard-b?op=status 0ms
200 /api/shard-e?op=status 0ms
200 /api/shard-d?op=status 0ms
200 /api/status 5232ms
200 /api/auth 0ms
200 /api/shard-a?op=status 0ms
200 /api/shard-b?op=status 1ms
200 /api/shard-c?op=status 0ms
200 /api/shard-d?op=status 0ms
200 /api/shard-e?op=status 0ms
200 /api/shard-a?limit=250&pd=1&seed=598433&offset=0 1147ms
200 /api/shard-b?limit=250&pd=1&seed=598433&offset=0 289ms
200 /api/shard-c?limit=250&pd=1&seed=598433&offset=0 308ms
200 /api/shard-d?limit=250&pd=1&seed=598433&offset=0 330ms
200 /api/shard-e?limit=250&pd=1&seed=598433&offset=0 754ms
200 /api/status 2832ms
200 /api/search?limit=250&pd=1&seed=598433 2844ms
200 /api/shard-a?q=cat&limit=250&pd=1&seed=598433&offset=0 42ms
200 /api/shard-b?q=cat&limit=250&pd=1&seed=598433&offset=0 8ms
200 /api/shard-c?q=cat&limit=250&pd=1&seed=598433&offset=0 21ms
200 /api/shard-d?q=cat&limit=250&pd=1&seed=598433&offset=0 22ms
200 /api/auth 0ms
200 /api/shard-a?limit=250&pd=1&seed=598433&offset=0 922ms
200 /api/shard-b?limit=250&pd=1&seed=598433&offset=0 293ms
200 /api/shard-c?limit=250&pd=1&seed=598433&offset=0 356ms
200 /api/shard-d?limit=250&pd=1&seed=598433&offset=0 368ms
200 /api/shard-e?limit=250&pd=1&seed=598433&offset=0 821ms
200 /api/shard-e?q=cat&limit=250&pd=1&seed=598433&offset=0 27ms
200 /api/search?limit=250&pd=1&seed=598433 3664ms
200 /api/search?q=cat&limit=250&pd=1&seed=598433 2907ms
200 /api/shard-a?op=status 0ms
200 /api/shard-b?op=status 0ms
200 /api/shard-c?op=status 0ms
200 /api/shard-d?op=status 0ms
200 /api/shard-e?op=status 0ms
200 /api/status 5ms
200 /api/shard-d?op=item&id=met%3A544118 0ms
200 /api/image?id=met%3A544118&size=orig 93ms
200 /api/auth 4ms
200 /api/auth 0ms
200 /api/shard-a?op=status 5ms
200 /api/shard-c?op=status 1ms
200 /api/shard-b?op=status 1ms
200 /api/shard-e?op=status 0ms
200 /api/shard-d?op=status 1ms
200 /api/status 13ms
200 /api/shard-a?limit=250&pd=1&seed=583195&offset=0 3353ms
200 /api/shard-c?limit=250&pd=1&seed=583195&offset=0 466ms
200 /api/shard-b?limit=250&pd=1&seed=583195&offset=0 700ms
200 /api/shard-d?limit=250&pd=1&seed=583195&offset=0 998ms
200 /api/shard-e?limit=250&pd=1&seed=583195&offset=0 1623ms
200 /api/search?limit=250&pd=1&seed=583195 7163ms
200 /api/shard-a?limit=250&pd=1&seed=583195&offset=0 1016ms
200 /api/shard-c?limit=250&pd=1&seed=583195&offset=0 349ms
200 /api/shard-b?limit=250&pd=1&seed=583195&offset=0 309ms
200 /api/shard-d?limit=250&pd=1&seed=583195&offset=0 367ms
200 /api/shard-e?limit=250&pd=1&seed=583195&offset=0 839ms
200 /api/search?limit=250&pd=1&seed=583195 10056ms
200 /api/shard-c?op=status 1ms
200 /api/shard-d?op=status 0ms
200 /api/shard-e?op=status 0ms
200 /api/auth 0ms
200 /api/shard-a?limit=250&pd=1&seed=884578&offset=0 1003ms
200 /api/shard-b?limit=250&pd=1&seed=884578&offset=0 295ms
200 /api/shard-c?limit=250&pd=1&seed=884578&offset=0 336ms
200 /api/shard-d?limit=250&pd=1&seed=884578&offset=0 364ms
200 /api/shard-e?limit=250&pd=1&seed=884578&offset=0 855ms
200 /api/search?limit=250&pd=1&seed=884578 2864ms
200 /api/shard-a?limit=250&pd=1&seed=884578&offset=0 1001ms
200 /api/shard-b?limit=250&pd=1&seed=884578&offset=0 301ms
200 /api/shard-c?limit=250&pd=1&seed=884578&offset=0 326ms
200 /api/shard-b?op=status 0ms
200 /api/shard-a?op=status 1ms
200 /api/shard-c?op=status 0ms
200 /api/shard-d?op=status 0ms
200 /api/shard-e?op=status 0ms
200 /api/shard-a?op=status 0ms
200 /api/status 4508ms
200 /api/auth 0ms
200 /api/shard-b?op=status 0ms
200 /api/status 4504ms
200 /api/shard-d?limit=250&pd=1&seed=884578&offset=0 365ms
200 /api/shard-e?limit=250&pd=1&seed=884578&offset=0 933ms
200 /api/shard-a?q=cat+portrait&limit=250&pd=1&seed=884578&offset=0 96ms
200 /api/search?limit=250&pd=1&seed=884578 3044ms
200 /api/shard-b?q=cat+portrait&limit=250&pd=1&seed=884578&offset=0 49ms
200 /api/shard-c?q=cat+portrait&limit=250&pd=1&seed=884578&offset=0 236ms
200 /api/shard-d?q=cat+portrait&limit=250&pd=1&seed=884578&offset=0 92ms
200 /api/shard-e?q=cat+portrait&limit=250&pd=1&seed=884578&offset=0 211ms
200 /api/search?q=cat+portrait&limit=250&pd=1&seed=884578 2003ms
200 /api/shard-a?op=status 0ms
200 /api/shard-b?op=status 1ms
200 /api/shard-c?op=status 0ms
200 /api/shard-d?op=status 0ms
200 /api/shard-e?op=status 0ms
200 /api/status 4ms
200 /api/shard-b?op=item&id=europeana%3A764%2Fitem_2523990 0ms
200 /api/image?id=europeana%3A764%2Fitem_2523990&size=orig 1900ms
200 /api/auth 2ms
200 /api/auth 0ms
200 /api/shard-b?op=status 9ms
200 /api/shard-a?op=status 0ms
200 /api/shard-d?op=status 0ms
200 /api/shard-a?limit=250&pd=1&seed=350375&offset=0 3884ms
200 /api/shard-b?limit=250&pd=1&seed=350375&offset=0 727ms
200 /api/shard-c?op=status 1ms
200 /api/shard-e?op=status 1ms
200 /api/status 4652ms
200 /api/shard-b?limit=250&pd=1&seed=350375&offset=0 234ms
200 /api/shard-c?limit=250&pd=1&seed=350375&offset=0 744ms
200 /api/shard-a?limit=250&pd=1&seed=350375&offset=0 1001ms
200 /api/shard-e?limit=250&pd=1&seed=350375&offset=0 1776ms
200 /api/shard-d?limit=250&pd=1&seed=350375&offset=0 1165ms
200 /api/search?limit=250&pd=1&seed=350375 9587ms
200 /api/auth 0ms
200 /api/shard-c?limit=250&pd=1&seed=350375&offset=0 376ms
200 /api/shard-d?limit=250&pd=1&seed=350375&offset=0 420ms
200 /api/shard-e?limit=250&pd=1&seed=350375&offset=0 831ms
200 /api/search?limit=250&pd=1&seed=350375 11205ms
200 /api/shard-a?op=status 1ms
200 /api/shard-b?op=status 1ms
200 /api/shard-c?op=status 0ms
200 /api/shard-d?op=status 0ms
200 /api/shard-e?op=status 0ms
200 /api/status 1645ms
200 /api/auth 0ms
200 /api/shard-a?op=status 0ms
200 /api/shard-b?op=status 0ms
200 /api/shard-c?op=status 0ms
200 /api/shard-d?op=status 0ms
200 /api/shard-e?op=status 0ms
200 /api/status 1ms
200 /api/auth 0ms
200 /api/shard-a?q=cat&limit=250&from=1990&to=1900&pd=1&seed=898913&offset=0 4ms
200 /api/shard-b?q=cat&limit=250&from=1990&to=1900&pd=1&seed=898913&offset=0 55ms
200 /api/shard-c?q=cat&limit=250&from=1990&to=1900&pd=1&seed=898913&offset=0 4ms
200 /api/shard-d?q=cat&limit=250&from=1990&to=1900&pd=1&seed=898913&offset=0 3ms
200 /api/shard-e?q=cat&limit=250&from=1990&to=1900&pd=1&seed=898913&offset=0 4ms
200 /api/search?q=cat&limit=250&from=1990&to=1900&pd=1&seed=898913 73ms
200 /api/auth 0ms
200 /api/shard-a?q=cat&limit=250&from=1990&to=1900&pd=1&seed=898913&offset=0 2ms
200 /api/shard-b?q=cat&limit=250&from=1990&to=1900&pd=1&seed=898913&offset=0 2ms
200 /api/shard-c?q=cat&limit=250&from=1990&to=1900&pd=1&seed=898913&offset=0 2ms
200 /api/shard-d?q=cat&limit=250&from=1990&to=1900&pd=1&seed=898913&offset=0 2ms
200 /api/shard-e?q=cat&limit=250&from=1990&to=1900&pd=1&seed=898913&offset=0 3ms
200 /api/shard-c?op=status 0ms
200 /api/shard-d?op=status 0ms
200 /api/shard-e?op=status 0ms
200 /api/search?q=cat&limit=250&from=1990&to=1900&pd=1&seed=898913 14ms
200 /api/shard-b?op=status 0ms
200 /api/shard-a?op=status 0ms
200 /api/status 6ms
200 /api/shard-a?op=status 0ms
200 /api/shard-b?op=status 0ms
200 /api/shard-c?op=status 0ms
200 /api/shard-d?op=status 0ms
200 /api/shard-e?op=status 1ms
200 /api/status 1ms
200 /api/auth 1ms
200 /api/auth 0ms
200 /api/shard-b?op=status 0ms
200 /api/shard-a?op=status 0ms
200 /api/shard-c?op=status 0ms
200 /api/shard-e?op=status 0ms
200 /api/shard-d?op=status 0ms
200 /api/status 4ms
200 /api/shard-b?limit=250&pd=1&seed=797087&offset=0 570ms
200 /api/shard-a?limit=250&pd=1&seed=797087&offset=0 2919ms
200 /api/shard-d?limit=250&pd=1&seed=797087&offset=0 424ms
200 /api/shard-c?limit=250&pd=1&seed=797087&offset=0 726ms
200 /api/shard-e?limit=250&pd=1&seed=797087&offset=0 810ms
200 /api/search?limit=250&pd=1&seed=797087 5463ms
200 /api/shard-a?op=status 0ms
200 /api/shard-b?op=status 0ms
200 /api/shard-c?op=status 0ms
200 /api/shard-d?op=status 0ms
200 /api/shard-e?op=status 0ms
200 /api/status 2ms
200 /api/auth 0ms
200 /api/shard-b?limit=250&pd=1&seed=797087&offset=0 329ms
200 /api/shard-a?limit=250&pd=1&seed=797087&offset=0 1075ms
200 /api/shard-c?limit=250&pd=1&seed=797087&offset=0 335ms
200 /api/shard-d?limit=250&pd=1&seed=797087&offset=0 367ms
200 /api/shard-e?limit=250&pd=1&seed=797087&offset=0 1620ms
200 /api/search?limit=250&pd=1&seed=797087 3746ms
200 /api/auth 0ms
200 /api/shard-b?op=status 1ms
200 /api/shard-c?op=status 1ms
200 /api/shard-a?op=status 0ms
200 /api/shard-e?op=status 0ms
200 /api/shard-d?op=status 0ms
200 /api/status 3746ms
200 /api/shard-a?op=status 0ms
200 /api/shard-b?op=status 0ms
200 /api/shard-c?op=status 0ms
200 /api/shard-d?op=status 0ms
200 /api/shard-e?op=status 0ms
200 /api/status 1ms
200 /api/auth 0ms
200 /api/shard-a?op=status 0ms
200 /api/shard-b?op=status 0ms
200 /api/shard-c?op=status 1ms
200 /api/shard-d?op=status 1ms
200 /api/shard-e?op=status 0ms
200 /api/status 9ms
200 /api/auth 0ms
200 /api/shard-a?limit=250&pd=1&seed=326638&offset=0 1197ms
200 /api/shard-a?limit=250&pd=1&seed=326638&offset=0 1049ms
200 /api/shard-b?limit=250&pd=1&seed=326638&offset=0 832ms
200 /api/shard-c?limit=250&pd=1&seed=326638&offset=0 722ms
200 /api/shard-d?limit=250&pd=1&seed=326638&offset=0 1011ms
200 /api/shard-e?limit=250&pd=1&seed=326638&offset=0 1173ms
200 /api/search?limit=250&pd=1&seed=326638 4800ms
200 /api/shard-a?op=status 1ms
200 /api/status 11ms
200 /api/auth 0ms
200 /api/shard-a?limit=250&pd=1&seed=632116&offset=0 1038ms
200 /api/shard-b?limit=250&pd=1&seed=632116&offset=0 299ms
200 /api/shard-c?limit=250&pd=1&seed=632116&offset=0 323ms
200 /api/shard-d?limit=250&pd=1&seed=632116&offset=0 352ms
200 /api/shard-e?limit=250&pd=1&seed=632116&offset=0 869ms
200 /api/search?limit=250&pd=1&seed=632116 2892ms
200 /api/shard-a?limit=250&pd=1&seed=632116&offset=0 985ms
200 /api/shard-b?limit=250&pd=1&seed=326638&offset=0 304ms
200 /api/shard-d?limit=250&pd=1&seed=326638&offset=0 352ms
200 /api/shard-c?limit=250&pd=1&seed=326638&offset=0 325ms
200 /api/shard-e?limit=250&pd=1&seed=326638&offset=0 1363ms
200 /api/search?limit=250&pd=1&seed=326638 12247ms
200 /api/shard-a?q=tulip+painting&limit=250&pd=1&seed=632116&offset=0 37ms
200 /api/shard-b?q=tulip+painting&limit=250&pd=1&seed=632116&offset=0 21ms
200 /api/shard-c?q=tulip+painting&limit=250&pd=1&seed=632116&offset=0 179ms
200 /api/shard-d?q=tulip+painting&limit=250&pd=1&seed=632116&offset=0 105ms
200 /api/shard-e?q=tulip+painting&limit=250&pd=1&seed=632116&offset=0 106ms
200 /api/shard-b?op=status 0ms
200 /api/search?q=tulip+painting&limit=250&pd=1&seed=632116 460ms
200 /api/shard-c?op=status 1ms
200 /api/shard-d?op=status 0ms
200 /api/shard-e?op=status 0ms
200 /api/shard-a?op=status 0ms
200 /api/status 6703ms
200 /api/auth 0ms
200 /api/shard-b?limit=250&pd=1&seed=632116&offset=0 440ms
200 /api/shard-c?limit=250&pd=1&seed=632116&offset=0 357ms
200 /api/shard-d?limit=250&pd=1&seed=632116&offset=0 424ms
200 /api/shard-e?limit=250&pd=1&seed=632116&offset=0 1092ms
200 /api/search?limit=250&pd=1&seed=632116 6141ms
200 /api/shard-d?op=item&id=met%3A451865 0ms
200 /api/shard-a?op=status 0ms
200 /api/shard-b?op=status 0ms
200 /api/shard-c?op=status 0ms
200 /api/shard-d?op=status 0ms
200 /api/shard-e?op=status 0ms
200 /api/status 17ms
200 /api/image?id=met%3A451865&size=orig 274ms
200 /api/auth 1ms
200 /api/auth 0ms
200 /api/shard-b?op=status 2ms
200 /api/shard-a?op=status 1ms
200 /api/shard-c?op=status 1ms
200 /api/shard-d?op=status 1ms
200 /api/shard-e?op=status 0ms
200 /api/status 13ms
200 /api/shard-a?limit=250&pd=1&seed=393832&offset=0 3476ms
200 /api/shard-b?limit=250&pd=1&seed=393832&offset=0 700ms
200 /api/shard-c?limit=250&pd=1&seed=393832&offset=0 718ms
200 /api/shard-e?limit=250&pd=1&seed=393832&offset=0 1522ms
200 /api/shard-d?limit=250&pd=1&seed=393832&offset=0 1001ms
200 /api/search?limit=250&pd=1&seed=393832 7441ms
200 /api/shard-b?op=status 1ms
200 /api/shard-c?op=status 0ms
200 /api/shard-d?op=status 0ms
200 /api/auth 0ms
200 /api/shard-a?op=status 1ms
200 /api/shard-a?limit=250&pd=1&seed=393832&offset=0 1027ms
200 /api/shard-c?limit=250&pd=1&seed=393832&offset=0 336ms
200 /api/shard-d?limit=250&pd=1&seed=393832&offset=0 368ms
200 /api/shard-b?limit=250&pd=1&seed=393832&offset=0 512ms
200 /api/shard-e?limit=250&pd=1&seed=393832&offset=0 1536ms
200 /api/search?limit=250&pd=1&seed=393832 3800ms
200 /api/shard-e?op=status 0ms
200 /api/shard-a?op=status 0ms
200 /api/status 3798ms
200 /api/auth 0ms
200 /api/auth 0ms
200 /api/shard-a?op=status 1ms
200 /api/shard-b?op=status 0ms
200 /api/shard-c?op=status 0ms
200 /api/shard-d?op=status 0ms
200 /api/shard-e?op=status 0ms
200 /api/shard-a?q=cat&limit=250&from=2000&to=1800&pd=1&seed=326707&offset=0 9ms
200 /api/shard-d?q=cat&limit=250&from=2000&to=1800&pd=1&seed=326707&offset=0 4ms
200 /api/status 17ms
200 /api/shard-a?q=cat&limit=250&from=2000&to=1800&pd=1&seed=326707&offset=0 1ms
200 /api/shard-c?op=status 1ms
200 /api/shard-b?op=status 0ms
200 /api/shard-e?op=status 0ms
200 /api/shard-d?op=status 0ms
200 /api/status 3816ms
200 /api/auth 0ms
200 /api/shard-b?q=cat&limit=250&from=2000&to=1800&pd=1&seed=326707&offset=0 2ms
200 /api/shard-c?q=cat&limit=250&from=2000&to=1800&pd=1&seed=326707&offset=0 5ms
200 /api/shard-e?q=cat&limit=250&from=2000&to=1800&pd=1&seed=326707&offset=0 5ms
200 /api/search?q=cat&limit=250&from=2000&to=1800&pd=1&seed=326707 33ms
200 /api/shard-c?q=cat&limit=250&from=2000&to=1800&pd=1&seed=326707&offset=0 2ms
200 /api/shard-b?q=cat&limit=250&from=2000&to=1800&pd=1&seed=326707&offset=0 0ms
200 /api/shard-e?q=cat&limit=250&from=2000&to=1800&pd=1&seed=326707&offset=0 1ms
200 /api/shard-d?q=cat&limit=250&from=2000&to=1800&pd=1&seed=326707&offset=0 3ms
200 /api/search?q=cat&limit=250&from=2000&to=1800&pd=1&seed=326707 25ms
200 /api/shard-a?op=status 0ms
200 /api/shard-b?op=status 0ms
200 /api/shard-c?op=status 1ms
200 /api/shard-d?op=status 1ms
200 /api/shard-e?op=status 0ms
200 /api/status 7ms
200 /api/auth 1ms
200 /api/shard-a?op=status 0ms
200 /api/shard-b?op=status 0ms
200 /api/shard-c?op=status 0ms
200 /api/shard-d?op=status 0ms
200 /api/shard-e?op=status 0ms
200 /api/status 3ms
200 /api/auth 0ms
200 /api/shard-a?op=status 1ms
200 /api/shard-b?op=status 0ms
200 /api/shard-c?op=status 0ms
200 /api/shard-d?op=status 0ms
200 /api/shard-e?op=status 0ms
200 /api/status 1ms
200 /api/auth 14ms
200 /api/auth 0ms
200 /api/shard-a?op=status 6ms
200 /api/shard-b?op=status 3ms
200 /api/shard-c?op=status 1ms
200 /api/shard-e?op=status 7ms
200 /api/shard-d?op=status 1ms
200 /api/status 83ms
200 /api/shard-a?op=status 0ms
200 /api/shard-b?op=status 0ms
200 /api/shard-c?op=status 1ms
200 /api/shard-e?op=status 1ms
200 /api/shard-d?op=status 2ms
200 /api/status 47ms
200 /api/auth 1ms
200 /api/auth 0ms
200 /api/shard-a?op=status 1ms
200 /api/shard-b?op=status 0ms
200 /api/shard-c?op=status 0ms
200 /api/shard-d?op=status 0ms
200 /api/shard-e?op=status 1ms
200 /api/status 14ms
200 /api/shard-a?op=status 0ms
200 /api/shard-b?op=status 0ms
200 /api/shard-c?op=status 0ms
200 /api/shard-d?op=status 0ms
200 /api/shard-e?op=status 1ms
200 /api/status 15ms
200 /api/auth 9ms
200 /api/auth 0ms
200 /api/shard-a?op=status 2ms
200 /api/shard-b?op=status 1ms
200 /api/shard-c?op=status 0ms
200 /api/shard-d?op=status 0ms
200 /api/shard-e?op=status 1ms
200 /api/status 32ms
200 /api/shard-a?op=status 1ms
200 /api/shard-b?op=status 1ms
200 /api/shard-c?op=status 0ms
200 /api/shard-d?op=status 0ms
200 /api/shard-e?op=status 1ms
200 /api/status 4ms
502 /api/vectorize 3188ms
200 /api/auth 1ms
200 /api/auth 0ms
200 /api/shard-a?op=status 2ms
200 /api/shard-b?op=status 2ms
200 /api/shard-c?op=status 1ms
200 /api/shard-d?op=status 0ms
200 /api/shard-e?op=status 0ms
200 /api/status 20ms
200 /api/shard-a?op=status 0ms
200 /api/shard-b?op=status 0ms
200 /api/shard-c?op=status 0ms
200 /api/shard-d?op=status 0ms
200 /api/shard-e?op=status 0ms
200 /api/status 16ms
200 /api/vectorize 78263ms
200 /api/auth 1ms
200 /api/auth 1ms
200 /api/shard-a?op=status 1ms
200 /api/shard-b?op=status 2ms
200 /api/shard-d?op=status 1ms
200 /api/shard-c?op=status 1ms
200 /api/shard-e?op=status 1ms
200 /api/status 20ms
200 /api/shard-a?op=status 0ms
200 /api/shard-c?op=status 1ms
200 /api/shard-b?op=status 0ms
200 /api/shard-e?op=status 0ms
200 /api/shard-d?op=status 0ms
200 /api/status 15ms
200 /api/vectorize 110980ms
200 /api/auth 1ms
200 /api/auth 0ms
200 /api/shard-a?op=status 1ms
200 /api/shard-b?op=status 1ms
200 /api/shard-c?op=status 0ms
200 /api/shard-d?op=status 1ms
200 /api/shard-e?op=status 1ms
200 /api/status 14ms
200 /api/shard-a?op=status 1ms
200 /api/shard-b?op=status 0ms
200 /api/shard-c?op=status 0ms
200 /api/shard-d?op=status 0ms
200 /api/shard-e?op=status 0ms
200 /api/status 3ms
200 /api/auth 1ms
200 /api/shard-a?op=status 2ms
200 /api/shard-c?op=status 1ms
200 /api/shard-b?op=status 1ms
200 /api/shard-e?op=status 1ms
200 /api/shard-d?op=status 0ms
200 /api/status 21ms
200 /api/auth 0ms
200 /api/shard-a?op=status 0ms
200 /api/shard-b?op=status 0ms
200 /api/shard-c?op=status 0ms
200 /api/shard-d?op=status 0ms
200 /api/shard-e?op=status 0ms
200 /api/status 4ms
200 /api/auth 2ms
200 /api/auth 0ms
200 /api/shard-a?op=status 2ms
200 /api/shard-b?op=status 1ms
200 /api/shard-c?op=status 0ms
200 /api/shard-d?op=status 5ms
200 /api/shard-e?op=status 0ms
200 /api/status 18ms
200 /api/shard-a?op=status 0ms
200 /api/shard-b?op=status 1ms
200 /api/shard-d?op=status 0ms
200 /api/shard-c?op=status 0ms
200 /api/shard-e?op=status 0ms
200 /api/status 19ms
200 /api/auth 0ms
200 /api/shard-a?op=status 0ms
200 /api/shard-b?op=status 0ms
200 /api/shard-c?op=status 1ms
200 /api/shard-d?op=status 0ms
200 /api/auth 0ms
200 /api/shard-e?op=status 0ms
200 /api/status 3ms
200 /api/shard-a?op=status 0ms
200 /api/shard-b?op=status 0ms
200 /api/shard-c?op=status 0ms
200 /api/shard-d?op=status 0ms
200 /api/shard-e?op=status 0ms
200 /api/status 3ms
200 /api/auth 1ms
200 /api/auth 0ms
200 /api/shard-a?op=status 2ms
200 /api/shard-b?op=status 1ms
200 /api/shard-c?op=status 0ms
200 /api/shard-d?op=status 0ms
200 /api/shard-e?op=status 1ms
200 /api/status 18ms
200 /api/shard-a?op=status 1ms
200 /api/shard-b?op=status 0ms
200 /api/shard-c?op=status 0ms
200 /api/shard-d?op=status 0ms
200 /api/shard-e?op=status 0ms
200 /api/status 5ms
200 /api/auth 1ms
200 /api/shard-a?op=status 0ms
200 /api/shard-b?op=status 0ms
200 /api/auth 0ms
200 /api/shard-d?op=status 0ms
200 /api/shard-e?op=status 1ms
200 /api/shard-c?op=status 0ms
200 /api/status 15ms
200 /api/shard-a?op=status 1ms
200 /api/shard-b?op=status 0ms
200 /api/shard-c?op=status 0ms
200 /api/shard-d?op=status 0ms
200 /api/shard-e?op=status 0ms
200 /api/status 5ms
200 /api/auth 1ms
200 /api/shard-a?op=status 0ms
200 /api/shard-b?op=status 1ms
200 /api/shard-c?op=status 0ms
200 /api/shard-d?op=status 1ms
200 /api/shard-e?op=status 2ms
200 /api/status 12ms
200 /api/auth 0ms
200 /api/shard-a?op=status 0ms
200 /api/shard-b?op=status 0ms
200 /api/shard-d?op=status 0ms
200 /api/shard-c?op=status 0ms
200 /api/shard-e?op=status 0ms
200 /api/status 14ms
200 /api/auth 2ms
200 /api/auth 0ms
200 /api/shard-a?op=status 1ms
200 /api/shard-b?op=status 1ms
200 /api/shard-d?op=status 0ms
200 /api/shard-c?op=status 1ms
200 /api/shard-e?op=status 0ms
200 /api/status 17ms
200 /api/shard-a?op=status 1ms
200 /api/shard-b?op=status 0ms
200 /api/shard-c?op=status 0ms
200 /api/shard-d?op=status 0ms
200 /api/shard-e?op=status 0ms
200 /api/status 5ms
200 /api/auth 0ms
200 /api/auth 1ms
200 /api/shard-a?op=status 1ms
200 /api/shard-b?op=status 1ms
200 /api/shard-d?op=status 1ms
200 /api/shard-e?op=status 2ms
200 /api/shard-c?op=status 1ms
200 /api/status 11ms
200 /api/shard-a?op=status 0ms
200 /api/shard-b?op=status 0ms
200 /api/shard-c?op=status 1ms
200 /api/shard-d?op=status 0ms
200 /api/shard-e?op=status 1ms
200 /api/status 6ms
200 /api/auth 0ms
200 /api/auth 0ms
200 /api/shard-a?op=status 1ms
200 /api/shard-b?op=status 0ms
200 /api/shard-c?op=status 0ms
200 /api/shard-d?op=status 0ms
200 /api/shard-e?op=status 0ms
200 /api/status 9ms
200 /api/shard-a?op=status 0ms
200 /api/shard-b?op=status 0ms
200 /api/shard-c?op=status 0ms
200 /api/shard-d?op=status 0ms
200 /api/shard-e?op=status 0ms
200 /api/status 13ms
api dev server http://localhost:3999
400 /api/vectorize 3ms
200 /api/auth 0ms
200 /api/auth 1ms
200 /api/shard-a?op=status 3ms
200 /api/shard-b?op=status 0ms
200 /api/shard-c?op=status 1ms
200 /api/shard-d?op=status 1ms
200 /api/shard-e?op=status 2ms
200 /api/status 41ms
200 /api/shard-a?op=status 0ms
200 /api/shard-b?op=status 0ms
200 /api/shard-c?op=status 0ms
200 /api/shard-d?op=status 0ms
200 /api/shard-e?op=status 0ms
200 /api/status 34ms
200 /api/auth 0ms
200 /api/auth 0ms
200 /api/shard-a?op=status 0ms
200 /api/shard-b?op=status 0ms
200 /api/shard-c?op=status 0ms
200 /api/shard-d?op=status 1ms
200 /api/shard-e?op=status 0ms
200 /api/shard-a?op=status 0ms
200 /api/shard-b?op=status 0ms
200 /api/shard-c?op=status 0ms
200 /api/shard-d?op=status 0ms
200 /api/shard-e?op=status 0ms
200 /api/status 5ms
200 /api/status 6ms
200 /api/auth 0ms
200 /api/auth 0ms
200 /api/shard-a?op=status 0ms
200 /api/shard-b?op=status 0ms
200 /api/shard-c?op=status 0ms
200 /api/shard-e?op=status 0ms
200 /api/shard-d?op=status 1ms
200 /api/status 5ms
200 /api/shard-a?op=status 0ms
200 /api/shard-b?op=status 0ms
200 /api/shard-c?op=status 1ms
200 /api/shard-e?op=status 0ms
200 /api/shard-d?op=status 0ms
200 /api/status 7ms
200 /api/auth 0ms
200 /api/shard-a?op=status 1ms
200 /api/shard-b?op=status 0ms
200 /api/shard-d?op=status 1ms
200 /api/shard-c?op=status 0ms
200 /api/auth 0ms
200 /api/shard-e?op=status 0ms
200 /api/status 4ms
200 /api/shard-a?op=status 0ms
200 /api/shard-b?op=status 0ms
200 /api/shard-c?op=status 0ms
200 /api/shard-d?op=status 0ms
200 /api/shard-e?op=status 0ms
200 /api/status 3ms
200 /api/auth 0ms
200 /api/auth 0ms
200 /api/shard-b?op=status 0ms
200 /api/shard-a?op=status 0ms
200 /api/shard-c?op=status 0ms
200 /api/shard-d?op=status 0ms
200 /api/shard-e?op=status 0ms
200 /api/status 5ms
200 /api/shard-b?op=status 0ms
200 /api/shard-a?op=status 0ms
200 /api/shard-d?op=status 0ms
200 /api/shard-c?op=status 0ms
200 /api/shard-e?op=status 0ms
200 /api/status 6ms
200 /api/auth 1ms
200 /api/auth 0ms
200 /api/shard-b?op=status 0ms
200 /api/shard-a?op=status 0ms
200 /api/shard-d?op=status 0ms
200 /api/shard-c?op=status 0ms
200 /api/shard-e?op=status 0ms
200 /api/status 4ms
200 /api/shard-b?op=status 0ms
200 /api/shard-a?op=status 0ms
200 /api/shard-d?op=status 0ms
200 /api/shard-c?op=status 0ms
200 /api/shard-e?op=status 0ms
200 /api/status 5ms
200 /api/auth 1ms
200 /api/auth 0ms
200 /api/shard-a?op=status 0ms
200 /api/shard-b?op=status 0ms
200 /api/shard-c?op=status 0ms
200 /api/shard-d?op=status 0ms
200 /api/shard-a?op=status 0ms
200 /api/shard-b?op=status 0ms
200 /api/shard-e?op=status 1ms
200 /api/status 7ms
200 /api/shard-c?op=status 0ms
200 /api/shard-e?op=status 0ms
200 /api/shard-d?op=status 0ms
200 /api/status 7ms
200 /api/auth 0ms
200 /api/auth 1ms
200 /api/shard-b?op=status 0ms
200 /api/shard-a?op=status 0ms
200 /api/shard-c?op=status 0ms
200 /api/shard-d?op=status 0ms
200 /api/shard-e?op=status 0ms
200 /api/status 4ms
200 /api/shard-a?op=status 0ms
200 /api/shard-b?op=status 0ms
200 /api/shard-d?op=status 0ms
200 /api/shard-c?op=status 0ms
200 /api/shard-e?op=status 0ms
200 /api/status 5ms
200 /api/auth 3ms
200 /api/auth 2ms
200 /api/shard-a?op=status 18ms
200 /api/shard-b?op=status 1ms
200 /api/shard-d?op=status 2ms
200 /api/shard-c?op=status 0ms
200 /api/shard-e?op=status 0ms
200 /api/status 35ms
200 /api/shard-a?op=status 0ms
200 /api/shard-b?op=status 0ms
200 /api/shard-c?op=status 1ms
200 /api/shard-d?op=status 0ms
200 /api/shard-e?op=status 0ms
200 /api/status 2ms
200 /api/auth 2ms
200 /api/auth 0ms
200 /api/shard-a?op=status 12ms
200 /api/shard-b?op=status 1ms
200 /api/shard-c?op=status 0ms
200 /api/shard-d?op=status 0ms
200 /api/shard-e?op=status 1ms
200 /api/status 31ms
200 /api/shard-a?op=status 0ms
200 /api/shard-b?op=status 0ms
200 /api/shard-c?op=status 0ms
200 /api/shard-d?op=status 0ms
200 /api/shard-e?op=status 0ms
200 /api/status 3ms
200 /api/vectorize 18319ms
200 /api/auth 5ms
200 /api/auth 0ms
200 /api/shard-a?op=status 6ms
200 /api/shard-b?op=status 1ms
200 /api/shard-c?op=status 0ms
200 /api/shard-d?op=status 0ms
200 /api/shard-e?op=status 1ms
200 /api/status 26ms
200 /api/shard-a?op=status 0ms
200 /api/shard-b?op=status 0ms
200 /api/shard-c?op=status 0ms
200 /api/shard-d?op=status 0ms
200 /api/shard-e?op=status 1ms
200 /api/status 3ms
200 /api/vectorize 4545ms
200 /api/vectorize 22919ms
200 /api/vectorize 25882ms
200 /api/auth 2ms
200 /api/auth 0ms
200 /api/shard-b?op=status 5ms
200 /api/shard-a?op=status 1ms
200 /api/shard-d?op=status 0ms
200 /api/shard-c?op=status 1ms
200 /api/shard-a?op=status 0ms
200 /api/shard-e?op=status 0ms
200 /api/status 14ms
200 /api/shard-b?op=status 0ms
200 /api/shard-d?op=status 0ms
200 /api/shard-c?op=status 0ms
200 /api/shard-e?op=status 0ms
200 /api/status 14ms
200 /api/auth 1ms
200 /api/auth 0ms
200 /api/shard-a?op=status 1ms
200 /api/shard-b?op=status 1ms
200 /api/shard-d?op=status 1ms
200 /api/shard-c?op=status 0ms
200 /api/shard-e?op=status 0ms
200 /api/status 12ms
200 /api/shard-a?op=status 0ms
200 /api/shard-b?op=status 1ms
200 /api/shard-c?op=status 0ms
200 /api/shard-d?op=status 0ms
200 /api/shard-e?op=status 0ms
200 /api/status 2ms
200 /api/auth 0ms
200 /api/auth 0ms
200 /api/shard-a?op=status 1ms
200 /api/shard-c?op=status 0ms
200 /api/shard-b?op=status 1ms
200 /api/shard-e?op=status 0ms
200 /api/shard-d?op=status 0ms
200 /api/status 6ms
200 /api/shard-a?op=status 1ms
200 /api/shard-b?op=status 0ms
200 /api/shard-c?op=status 1ms
200 /api/shard-d?op=status 0ms
200 /api/shard-e?op=status 0ms
200 /api/status 8ms
200 /api/auth 3ms
200 /api/shard-b?op=status 0ms
200 /api/shard-a?op=status 1ms
200 /api/shard-d?op=status 0ms
200 /api/shard-c?op=status 1ms
200 /api/auth 0ms
200 /api/shard-e?op=status 1ms
200 /api/status 10ms
200 /api/shard-a?op=status 0ms
200 /api/shard-b?op=status 1ms
200 /api/shard-c?op=status 0ms
200 /api/shard-d?op=status 0ms
200 /api/shard-e?op=status 0ms
200 /api/status 10ms
200 /api/auth 1ms
200 /api/auth 0ms
200 /api/shard-a?op=status 0ms
200 /api/shard-b?op=status 0ms
200 /api/shard-c?op=status 0ms
200 /api/shard-d?op=status 1ms
200 /api/shard-a?op=status 0ms
200 /api/shard-e?op=status 1ms
200 /api/status 12ms
200 /api/shard-c?op=status 0ms
200 /api/shard-b?op=status 0ms
200 /api/shard-d?op=status 0ms
200 /api/shard-e?op=status 1ms
200 /api/status 14ms
200 /api/auth 0ms
200 /api/shard-a?op=status 0ms
200 /api/shard-b?op=status 1ms
200 /api/shard-c?op=status 0ms
200 /api/shard-d?op=status 0ms
200 /api/shard-e?op=status 0ms
200 /api/auth 0ms
200 /api/status 3ms
200 /api/shard-b?op=status 0ms
200 /api/shard-c?op=status 0ms
200 /api/shard-d?op=status 0ms
200 /api/shard-e?op=status 0ms
200 /api/shard-a?op=status 0ms
200 /api/status 5ms
200 /api/auth 0ms
200 /api/auth 0ms
200 /api/shard-a?op=status 1ms
200 /api/shard-b?op=status 1ms
200 /api/shard-d?op=status 0ms
200 /api/shard-c?op=status 0ms
200 /api/shard-e?op=status 0ms
200 /api/status 7ms
200 /api/shard-b?op=status 1ms
200 /api/shard-a?op=status 0ms
200 /api/shard-d?op=status 1ms
200 /api/shard-e?op=status 1ms
200 /api/shard-c?op=status 0ms
200 /api/status 14ms
200 /api/auth 1ms
200 /api/auth 0ms
200 /api/shard-a?op=status 0ms
200 /api/shard-b?op=status 0ms
200 /api/shard-c?op=status 0ms
200 /api/shard-d?op=status 0ms
200 /api/shard-e?op=status 0ms
200 /api/shard-a?op=status 0ms
200 /api/shard-b?op=status 0ms
200 /api/shard-c?op=status 0ms
200 /api/shard-d?op=status 0ms
200 /api/shard-e?op=status 1ms
200 /api/status 5ms
200 /api/status 4ms
200 /api/auth 0ms
200 /api/shard-a?op=status 1ms
200 /api/auth 0ms
200 /api/shard-c?op=status 1ms
200 /api/shard-b?op=status 0ms
200 /api/shard-e?op=status 0ms
200 /api/shard-d?op=status 0ms
200 /api/status 4ms
200 /api/shard-a?op=status 0ms
200 /api/shard-b?op=status 0ms
200 /api/shard-c?op=status 0ms
200 /api/shard-d?op=status 0ms
200 /api/shard-e?op=status 0ms
200 /api/status 3ms
200 /api/auth 0ms
200 /api/auth 0ms
200 /api/shard-a?op=status 0ms
200 /api/shard-b?op=status 0ms
200 /api/shard-c?op=status 1ms
200 /api/shard-d?op=status 1ms
200 /api/shard-e?op=status 1ms
200 /api/status 7ms
200 /api/shard-a?op=status 0ms
200 /api/shard-b?op=status 0ms
200 /api/shard-c?op=status 0ms
200 /api/shard-d?op=status 0ms
200 /api/shard-e?op=status 0ms
200 /api/status 2ms
200 /api/auth 0ms
200 /api/auth 0ms
200 /api/shard-a?op=status 1ms
200 /api/shard-c?op=status 0ms
200 /api/shard-b?op=status 0ms
200 /api/shard-d?op=status 1ms
200 /api/shard-e?op=status 1ms
200 /api/status 8ms
200 /api/shard-a?op=status 0ms
200 /api/shard-b?op=status 0ms
200 /api/shard-d?op=status 0ms
200 /api/shard-c?op=status 0ms
200 /api/shard-e?op=status 0ms
200 /api/status 8ms
200 /api/auth 0ms
200 /api/auth 1ms
200 /api/shard-a?op=status 0ms
200 /api/shard-b?op=status 1ms
200 /api/shard-c?op=status 0ms
200 /api/shard-d?op=status 0ms
200 /api/shard-e?op=status 0ms
200 /api/shard-a?op=status 0ms
200 /api/shard-b?op=status 0ms
200 /api/shard-c?op=status 0ms
200 /api/shard-d?op=status 1ms
200 /api/shard-e?op=status 0ms
200 /api/status 3ms
200 /api/status 8ms
200 /api/auth 1ms
200 /api/auth 0ms
200 /api/shard-a?op=status 1ms
200 /api/shard-b?op=status 1ms
200 /api/shard-c?op=status 1ms
200 /api/shard-e?op=status 0ms
200 /api/shard-d?op=status 0ms
200 /api/status 15ms
200 /api/shard-a?op=status 0ms
200 /api/shard-b?op=status 0ms
200 /api/shard-c?op=status 0ms
200 /api/shard-d?op=status 0ms
200 /api/shard-e?op=status 0ms
200 /api/status 3ms
200 /api/auth 1ms
200 /api/auth 0ms
200 /api/shard-b?op=status 3ms
200 /api/shard-a?op=status 0ms
200 /api/shard-d?op=status 0ms
200 /api/shard-c?op=status 1ms
200 /api/shard-e?op=status 0ms
200 /api/status 8ms
200 /api/shard-a?op=status 0ms
200 /api/shard-b?op=status 0ms
200 /api/shard-c?op=status 1ms
200 /api/shard-d?op=status 0ms
200 /api/shard-e?op=status 0ms
200 /api/status 2ms
200 /api/auth 1ms
200 /api/auth 0ms
200 /api/shard-b?op=status 5ms
200 /api/shard-a?op=status 0ms
200 /api/shard-c?op=status 0ms
200 /api/shard-d?op=status 0ms
200 /api/shard-e?op=status 1ms
200 /api/status 10ms
200 /api/shard-a?op=status 1ms
200 /api/shard-b?op=status 0ms
200 /api/shard-c?op=status 0ms
200 /api/shard-d?op=status 0ms
200 /api/shard-e?op=status 0ms
200 /api/status 4ms
200 /api/auth 0ms
200 /api/auth 0ms
200 /api/shard-b?op=status 1ms
200 /api/shard-a?op=status 1ms
200 /api/shard-c?op=status 0ms
200 /api/shard-d?op=status 0ms
200 /api/shard-e?op=status 1ms
200 /api/status 10ms
200 /api/shard-a?op=status 0ms
200 /api/shard-b?op=status 0ms
200 /api/shard-d?op=status 0ms
200 /api/shard-c?op=status 0ms
200 /api/shard-e?op=status 0ms
200 /api/status 11ms
200 /api/auth 1ms
200 /api/auth 0ms
200 /api/shard-a?op=status 1ms
200 /api/shard-c?op=status 0ms
200 /api/shard-b?op=status 1ms
200 /api/shard-e?op=status 0ms
200 /api/shard-d?op=status 1ms
200 /api/status 11ms
200 /api/shard-a?op=status 0ms
200 /api/shard-b?op=status 0ms
200 /api/shard-c?op=status 1ms
200 /api/shard-d?op=status 0ms
200 /api/shard-e?op=status 0ms
200 /api/status 2ms
200 /api/auth 0ms
200 /api/shard-a?op=status 0ms
200 /api/auth 0ms
200 /api/shard-b?op=status 1ms
200 /api/shard-d?op=status 0ms
200 /api/shard-c?op=status 1ms
200 /api/shard-e?op=status 0ms
200 /api/status 6ms
200 /api/shard-a?op=status 0ms
200 /api/shard-b?op=status 0ms
200 /api/shard-c?op=status 0ms
200 /api/shard-d?op=status 0ms
200 /api/shard-e?op=status 1ms
200 /api/status 4ms
200 /api/auth 1ms
200 /api/shard-b?op=status 0ms
200 /api/shard-a?op=status 0ms
200 /api/shard-d?op=status 0ms
200 /api/shard-c?op=status 1ms
200 /api/shard-e?op=status 0ms
200 /api/status 5ms
200 /api/auth 0ms
200 /api/shard-a?op=status 0ms
200 /api/shard-b?op=status 0ms
200 /api/shard-c?op=status 0ms
200 /api/shard-d?op=status 0ms
200 /api/shard-e?op=status 0ms
200 /api/status 2ms
200 /api/auth 0ms
200 /api/shard-b?op=status 1ms
200 /api/shard-a?op=status 1ms
200 /api/auth 0ms
200 /api/shard-d?op=status 1ms
200 /api/shard-c?op=status 1ms
200 /api/shard-e?op=status 0ms
200 /api/status 7ms
200 /api/shard-a?op=status 0ms
200 /api/shard-b?op=status 0ms
200 /api/shard-c?op=status 0ms
200 /api/shard-d?op=status 0ms
200 /api/shard-e?op=status 1ms
200 /api/status 1ms
200 /api/auth 2ms
200 /api/auth 0ms
200 /api/shard-b?op=status 0ms
200 /api/shard-a?op=status 0ms
200 /api/shard-d?op=status 0ms
200 /api/shard-c?op=status 0ms
200 /api/shard-e?op=status 0ms
200 /api/status 7ms
200 /api/shard-a?op=status 0ms
200 /api/shard-b?op=status 0ms
200 /api/shard-c?op=status 0ms
200 /api/shard-e?op=status 0ms
200 /api/shard-d?op=status 0ms
200 /api/status 7ms
200 /api/auth 0ms
200 /api/auth 0ms
200 /api/shard-a?op=status 1ms
200 /api/shard-b?op=status 1ms
200 /api/shard-c?op=status 0ms
200 /api/shard-d?op=status 1ms
200 /api/shard-e?op=status 0ms
200 /api/status 7ms
200 /api/shard-a?op=status 0ms
200 /api/shard-b?op=status 1ms
200 /api/shard-c?op=status 0ms
200 /api/shard-d?op=status 0ms
200 /api/shard-e?op=status 0ms
200 /api/status 2ms
200 /api/auth 2ms
200 /api/auth 1ms
200 /api/shard-a?op=status 4ms
200 /api/shard-c?op=status 2ms
200 /api/shard-d?op=status 3ms
200 /api/shard-e?op=status 2ms
200 /api/shard-b?op=status 1ms
200 /api/status 28ms
